Name,Contact,Address,Locality,City,Rating
Raj Stationery & Xerox,+(91)-22-25409703 ; 25409675 ; +(91)-9867948171 ; ,Paradise Tower Shop No 12; Gokhale Road; Naupada-Thane West; Mumbai - 400602; Behind Mc Donald`s,Airoli,Mumbai,3.0
Chamunda Xerox & Stationery,9820995445 ; +(91)-9967674407 ; ,Shop. No. 13; PWD Compound; Station Road; Thane West; Mumbai - 400601; Opposite Janta Fashion Corner,Airoli,Mumbai,0.0
Mayur Xerox And Stationeries,+(91)-22-39194654 ; +(91)-9323215065 ; 23675065 ; +(91)-9820283101 ; ,Shop No 15/D; Bridge Road; Bal Gangadhar Kher Marg; Malabar Hill; Mumbai - 400006; Near Sahyadri Guest House,Airoli,Mumbai,4.1
J J Stationery & Xerox,+(91)-7208008688 ; +(91)-9987048278 ; ,Shop No 3 A; Yashovanarayan Building; Station Road; Panvel; Mumbai - 410206; Near Sonu Authorized Service Center,Airoli,Mumbai,3.5
Ravechi Book Stores,+(91)-9819073207 ; +(91)-22-27550225 ; ,Shop No 11; Gurukrupa Society;Plot No 22; Ghansoli; Mumbai - 400701; Sector No 3,Airoli,Mumbai,0.0
Aarav Stationers & Printers,+(91)-9167656678 ; +(91)-22-38552644 ; 26749934 ; 8796137663 ; 8692019019 ; ,Shop no.7;Parag CHS;Opp- Bank Of India; J. P road; Andheri West; Mumbai - 400053; Near Sports Complex,Airoli,Mumbai,4.4
Apple Stationery & Xerox,+(91)-9819567785 ; +(91)-9819757574 ; ,Shop No 01; Om Amit Apartment; Lineali; Shivaji Road; Panvel; Mumbai - 410206; Opposite Ketki Hotel,Airoli,Mumbai,3.5
Sai Novelty & Stationery,9769214450 ; +(91)-9619890882 ; ,Shop No 3 mewa wala nivas; G G Road; Mulund West; Mumbai - 400080; dena bank,Airoli,Mumbai,3.5
Chetan stationery shop,+(91)-9820458509 ; ,Shop 11;Pakiza Tower;Tanwar Nagar; Mumbra; Mumbai - 400612,Airoli,Mumbai,0.0
Ashrafi Stationary,+(91)-9321635300 ; ,Shop n. 4 Nasima Tower; Devidas Road; Thane West; Mumbai - 400601; Near Deluxe Hotels,Airoli,Mumbai,0.0
Shree Deveshwar,+(91)-8425039786 ; ,shop no. 2; pakhadi road; Kharegaon-Kalwa; Mumbai - 400605; opp pakhadi bus stop,Airoli,Mumbai,0.0
Raju Stationary,+(91)-8424048185 ; ,Shop No. 4; Eknat Apartment; Manisha Nagar-Kalwa; Mumbai - 400605; Near Swimming Pool,Airoli,Mumbai,0.0
Arvind Stationery & Xerox,+(91)-9833439199 ; 27822706 ; +(91)-22-38528410 ; ,S S 4; Shop No 273; Sector 2; Vashi; Mumbai - 400703; Near Xerox Lane,Airoli,Mumbai,3.0
Khanderbi Designs,+(91)-8879900126 ; ,shop no 4 om sai puja apartment; Charai-Thane West; Mumbai - 400601,Airoli,Mumbai,5.0
Mahakali Enterprises,+(91)-9960931512 ; ,Shop No 6; Mohit Co-Operative Housing Society; Sector 2; Airoli; Mumbai - 400708; Near Dmc College,Airoli,Mumbai,5.0
Mahakali Stationers & Xerox,+(91)-22-38523940 ; +(91)-9769565888 ; +(91)-9892217005 ; 28393035 ; ,Office No 6; Cvn House; Chakal; Parsiwadaa; Sahar Road; Andheri East; Mumbai - 400099; Near Jama Masjid,Airoli,Mumbai,4.1
Shreeji Stationary & Xerox,+(91)-9619756457 ; ,Shop no. 31; house no.91; Mahape gaon; Mahape; Mumbai - 400710,Airoli,Mumbai,5.0
Manpasand Novelty,+(91)-9892080866 ; ,Kalwa; Thane; Mumbai; Station Road; Kalwa; Mumbai - 400605,Airoli,Mumbai,0.0
Nupur Enterprises,+(91)-9820897339 ; ,Shop No-21/2 Kopri Colony Building; Kopri; Thane East; Mumbai - 400603; Opposite Big Cheff Restaurant,Airoli,Mumbai,0.0
Shree Ganesh Stores,28051251 ; +(91)-9820157587 ; 28052003 ; +(91)-22-38536660 ; ,10/11 Laxmi Bhavan; S V Road; Borivali West; Mumbai - 400092; Opposite Thakkar Shopping Mall; Near Railway Station,Airoli,Mumbai,4.1
Disha Novelty & Stationery Stores,+(91)-9322287233 ; +(91)-22-25971605 ; ,Shop No 12 Purshottam Plaza; Ghodbunder Road; Thane West; Mumbai - 400601; Near Syndicate Bank,Airoli,Mumbai,0.0
Satyam Stationery & Xerox,+(91)-9987824222 ; ,Shop. No. 2; Vaidya Wada Compound; Ram Maruti Road; Naupada-Thane West; Mumbai - 400602; Near; Gajanan Temple,Airoli,Mumbai,0.0
Shree Balaji Stores,+(91)-22-65562262 ; ,Shop No 2; Esis Rd; Thane West; Mumbai - 400601; Off Eastern Express Highway,Airoli,Mumbai,0.0
Akansha Stationery And Xerox Center,+(91)-9967717878 ; ,Dr BS Ambedkar Sanskrutik Kendra; Plot No 1A; Shop No 3; Airoli; Mumbai - 400708; Near datta meghe Engineering College; Sector 3,Airoli,Mumbai,0.0
Wellcome Collection,+(91)-7045279598 ; ,Shop No-34; Sector-08/A; Airoli; Mumbai - 400708; Near Apple Hospital,Airoli,Mumbai,0.0
Saikrupa Novelty & stationery,+(91)-9769707079 ; ,Shop no. 5; Surbhi Plaza; Rabale Village; Rabale; Mumbai - 400701; Near Fish Market,Airoli,Mumbai,0.0
Stencil stationery,+(91)-9664101112 ; ,Shop no-7; Brhama jyoti Apt.; Mirani nagar; GG Road; Mulund West; Mumbai - 400080; Near Hira Mongi Hospital,Airoli,Mumbai,2.8
S K Enterprises,+(91)-9969961141 ; ,Contner Corparstion Of Indida Ltd; Mulund East; Mumbai - 400081; Nahur Station,Airoli,Mumbai,4.0
Friendz Stationary,+(91)-8422068939 ; ,Shop no-2; Near Datta Mandir; Ghansoli; Mumbai - 400701; Datta nagar,Airoli,Mumbai,0.0
Friends stationary & Xerox center,+(91)-8976506463 ; ,Shop no 02; Ghansoli gao; Ghansoli; Mumbai - 400701; Near ram mandir,Airoli,Mumbai,0.0
Marine Xerox,+(91)-7506070001 ; +(91)-22-69595794 ; 8898857242 ; ,Shop No. 4; Kopri colony; Thane East; Mumbai - 400603; Near shiv Mandir,Airoli,Mumbai,0.0
Jyoti Book Depot,+(91)-8082521713 ; ,Shop No.3; Neha Apartment; Mithaghar Road; Mulund East; Mumbai - 400081; LIC Colony,Airoli,Mumbai,0.0
Farman Gen Strs & Stationery,+(91)-9220601783 ; ,Shop No.3; Blue Star Bldg.nathani Complex; Kausa; Mumbra; Mumbai - 400612,Airoli,Mumbai,0.0
Anupam General Stores,+(91)-22-25401569 ; +(91)-9322519116 ; 25432999 ; 25392650 ; ,Naupada; Thane; M G Road; Naupada-Thane West; Mumbai - 400602; Opp nawpada police station,Airoli,Mumbai,3.3
Apple Stationery & Xerox,+(91)-8898540040 ; ,Shop No 12; Super Market; Airoli; Mumbai - 400708; Near Railway Station; Sector No 3,Airoli,Mumbai,0.0
Galaxy Book Depot,9930184646 ; +(91)-9892023444 ; ,Ramdev Complex; Airoli; Mumbai - 400708; Sector No 19; Near N H P School,Airoli,Mumbai,2.0
Raja Xerox,+(91)-8082251114 ; ,Shop No-L4; 1; Sector -5; Airoli; Mumbai - 400708; MECB Ofice,Airoli,Mumbai,0.0
Shripradha Stationers,+(91)-9821068974 ; ,Shop No. 1; Shri SAI Apartment; Airoli; Mumbai - 400708; Sector 9; Diva Nagar; Near Airoli Circle,Airoli,Mumbai,0.0
Khushboo Nowelty,+(91)-9819979637 ; ,shop no d 5; Navghar Road; Mulund East; Mumbai - 400081; Near to Priyanka bldg.,Airoli,Mumbai,0.0
Prema General Stores,9619550707 ; +(91)-9987597198 ; ,Ratnamala Apartment Shop 4-5; Old Belapur Road; Kalwa; Mumbai - 400605; Near Bharti Chamber & Sawant Photo Lab,Airoli,Mumbai,0.0
Tip Top Stationery,+(91)-7045185054 ; ,Shop No. 6; Barkha Building; Sector-20/D; Airoli; mumbai - 400708; Near Shamrao Vithal Co-operative Bank; Sector No. 20D,Airoli,Mumbai,0.0
Mahalaxmi Novelty And Book Depot,+(91)-9870990334 ; ,Shop No 11;Ganga Plaza; Airoli; Mumbai - 400708; Near Saibaba Mandir; Digha Naka,Airoli,Mumbai,0.0
Yash Sationery,+(91)-8689988952 ; ,Shop no 3;Santy Niwash; Anand Bharti Road; Chandeni Koliwada-Thane East; Mumbai - 400603,Airoli,Mumbai,0.0
Diamond Copy Centre,+(91)-9892331789 ; ,Shop No 6; Flat No 13; Shriram Co-Operative Housing Society; Airoli; Mumbai - 400708; Near Datta Meghe College; Sector 3,Airoli,Mumbai,0.0
Shree Krishna Stationery & Xerox,+(91)-9833628530 ; +(91)-9821765379 ; +(91)-8879882488 ; ,Shop No 1; Saatpute Building; Shivaji Path; Kalyan; Mumbai - 421304; Opposite Hotel Gurudev,Airoli,Mumbai,4.5
Kanthi Collection & Book Depo,9870484402 ; +(91)-9819021062 ; ,Gurukripa Niwas;Shop No-7; Sector-3;Plot No-22; Ghansoli; Mumbai - 400701; Ghansoli railway station,Airoli,Mumbai,0.0
Balaji Enterprises,+(91)-9819111935 ; 9611924544 ; 9819068499 ; 25919590 ; +(91)-22-32716029 ; ,Shop No 17; Gala Nagar; J N Road; Mulund West; Mumbai - 400080; Near Mehul Cinema,Airoli,Mumbai,3.0
Shree Ganesh Enterprises,41238964 ; +(91)-9920897808 ; +(91)-22-39862321 ; ,Shop No 371; B wing Vashi Plaza; Sector 17; Vashi; Mumbai - 400703; Near Apna Bazaar,Airoli,Mumbai,4.1
Sai Krupa novelty,+(91)-9594425916 ; ,Shop no-13;PRATIK CHS; Sector-10; Airoli; Mumbai - 400708; DAV High school,Airoli,Mumbai,0.0
Bhavna Novelty,9322731380 ; +(91)-9323888180 ; ,Thane Belapur Rd; Ghansoli; Mumbai - 400701; Main Rd Ghansoli Main Bus Stop Ghansoli Opp Union Bank,Airoli,Mumbai,2.0
Balaji Enterprises,+(91)-8898507191 ; ,Shop No 7; Kalash Park; Airoli; Mumbai - 400708; Opposite Nhp High School; Sector 19,Airoli,Mumbai,3.5
Maharashtra Book & Stationary,+(91)-22-27792333 ; +(91)-9892899521 ; ,Shop no-22/23; Super market; Airoli; Mumbai - 400708; Sector 3,Airoli,Mumbai,3.5
Siddhivinayak Stationery Store,+(91)-8454083108 ; ,Shop No 2 Rainbow Tower; Sector 20; Airoli; Mumbai - 400708; Near NKGSB Bank,Airoli,Mumbai,0.0
Tithi Stationers And Traders,9820198558 ; +(91)-8108437000 ; 9320198558 ; ,Shop No-43; Rajiv Gandhi Shopping Complex; Mithagar Road; Kopri-Thane East; Mumbai - 400603; Near State Bank Of India,Airoli,Mumbai,0.0
Anjani Stationery & Supplies,+(91)-9769963138 ; ,Shop No 7; Beth Shallow Apt; teli Galli road; Thane West; Mumbai - 400602; Nr Civil Hospital,Airoli,Mumbai,5.0
Om Traders,+(91)-22-25363584 ; ,Bhandre Ali; Thane West; Station Road; Thane West; Mumbai - 400601,Airoli,Mumbai,0.0
Geeta General Stores,+(91)-22-25346729 ; 25347597 ; +(91)-9821321250 ; ,12/13 Bhavani Market; Station Road; Thane West; Mumbai - 400601; Near Collectors Office,Airoli,Mumbai,4.5
Raj Digital Print,+(91)-9930040192 ; ,Shop No 2; Shyam Bhuvan; Station Road; Mulund East; Mumbai - 400081; Near Mulund Railway Station,Airoli,Mumbai,3.7
Imaad Stationery & General Stores,+(91)-9029192848 ; ,Shop No 3 Sheerin Apartment; Dadi Colony; Mumbra; Mumbai - 400612; Opp Pintya Dada Nagar,Airoli,Mumbai,0.0
Shakti Stores & Book Depot,+(91)-9833029740 ; 9220979877 ; ,Shemin Apts; Old Panvel Road; Mumbra; Mumbai - 400612,Airoli,Mumbai,4.0
Shree Arbuda stationary,+(91)-9892407063 ; ,Shop no 01; Rabale naka; Rabale; Mumbai - 400701; Anta ville,Airoli,Mumbai,0.0
Saumya Stationery,+(91)-9819194959 ; 9820980030 ; +(91)-22-25922221 ; ,Shop No - 01; Chandra Darshan Building; M G Road; Mulund West; Mumbai - 400080; Opposite Kirti Mahal; Panch Rasta,Airoli,Mumbai,4.3
Shree Raj mata stationary,+(91)-8268228020 ; ,Shop no. 2; Soham apt.; Sector no. 9; Airoli; Mumbai - 400708; Near nmmt depot,Airoli,Mumbai,0.0
Lucky Chap,+(91)-22-25404687 ; ,1; Anant Laxmi Chambers; B Cabin Road; Thane West; Mumbai - 400601; Near Thane Janata Sahakari Bank; Shivaji Nagar; Naupada,Airoli,Mumbai,5.0
Swagat Xerox Centre,+(91)-8898160113 ; ,Shop No 65; Janta Market; N G Acharya Marg; Chembur East; Mumbai - 400071; Near Chembur Station,Airoli,Mumbai,4.3
Vagad Stationery Xerox & General Stores,+(91)-9987088807 ; 28676268 ; +(91)-22-38547439 ; 32048495 ; ,Shop No- 4; Rajeshree Co-Op HSG Soc; B Wing; Iraniwadi Road No 3; Kandivali West; Mumbai - 400067; Opp SANSKRUTI Tower,Airoli,Mumbai,4.0
Satyam Collection,25408714 ; +(91)-22-25434363 ; ,1/2/3; SAI Ashirwad Building; Ghantali-Thane West; Mumbai - 400602; Vishnu Nagar,Airoli,Mumbai,4.0
Krishna Stationery,+(91)-9004506032 ; ,Shop No-10; Plot No-12; Bhagwati Complex; Sector-9; Ghansoli; Mumbai - 400701; Near PMC Bank,Airoli,Mumbai,0.0
Deepa Stationery & Novelty,+(91)-22-25884051 ; ,Thane West; Mumbai - 400601; Lokmanya Ngr; Pada No 2; Nr Shiv Mandir,Airoli,Mumbai,5.0
Jai Ambe Stationery & Computer,40110148 ; 64465486 ; 64465485 ; +(91)-9930004431 ; +(91)-9920995473 ; +(91)-22-38569167 ; ,C/O Citi Mall; Shop No 125; 1st Floor; Link Road; Andheri West; Mumbai - 400053,Airoli,Mumbai,4.3
Gupta stationary,+(91)-7838323767 ; ,Shop no 7; C.g.h road; Airoli; Mumbai - 400708; Datta meghe,Airoli,Mumbai,0.0
Hari Om Enterprises,+(91)-9819851212 ; 9820387947 ; +(91)-22-69579678 ; ,Plot No. PAP SS-25; Opp. B.e.l. Co.; Bel Naka; Midc.; Airoli; Mumbai - 400708; Taloja,Airoli,Mumbai,0.0
Hetal Copy Centre,9820991288 ; +(91)-9967762323 ; ,Shop. No. 43; Zilla Parishad Compound; Dr. Moose Road; Thane West; Mumbai - 400601; Opp. Janta Fashion Corner,Airoli,Mumbai,0.0
Unique Collection,+(91)-9022850517 ; ,Shop No 4 Neel Kamal Bildg; Sector 5; Ghansoli; Mumbai - 400701; Opp Shiv Prasad,Airoli,Mumbai,4.5
Saraswati Stationers,+(91)-22-25336524 ; ,Depot Coll Road; Thane West; Mumbai - 400601; Opp Sarawati Book,Airoli,Mumbai,0.0
New Right Choice,+(91)-8422021089 ; ,Shop No 5 Sai Dham Appartment; Ghansoli Village; Ghansoli; Mumbai - 400701; Opp Mamta Novelty,Airoli,Mumbai,0.0
Shri SAI Dutt,+(91)-9867078919 ; 9870749342 ; ,Shop No 1; Jata Shankar Dosa Road; Mulund West; Mumbai - 400080; Near Mulund Court Opp Shiripad Wagh Building,Airoli,Mumbai,0.0
OM SAI Staitonery,+(91)-9969400342 ; ,Shop No 10 Deepraj Building; Gaondevi Road; Kalwa; Mumbai - 400605; Near Gaondevi Ground,Airoli,Mumbai,0.0
Rajesh Fancy Store,+(91)-9833694618 ; ,Shop No. 2;chatrapati chs; Kopri colony; Thane East; Mumbai - 400603; Near Bharat School Building,Airoli,Mumbai,0.0
Balaji stationary,+(91)-9769412899 ; ,Shop no-16;plot no-49; sector 8; Airoli; Mumbai - 400708; opp om market,Airoli,Mumbai,0.0
Mahakali Stationary & Xerox Airoli,+(91)-8097286666 ; ,Shop No. H -21; Station Road; Airoli; Mumbai - 400708; N M M C office,Airoli,Mumbai,4.0
Galaxy Book Depot,+(91)-22-27793444 ; +(91)-9619604022 ; ,Shop no 13; Ramdev Complex; Sector 19; Airoli; Mumbai - 400708; Opposite ICICI Bank,Airoli,Mumbai,0.0
Sachin Enterprices,+(91)-9702404016 ; ,Shop no.6;Raje Sambhaji Sabhagruh; dindayal road; Mulund East; Mumbai - 400081; near to sambhaji park,Airoli,Mumbai,0.0
Vikam Book Depot,22943499 ; 25305555 ; +(91)-22-25394882 ; ,Kharkar Ali; Jamili Naka; Thane West; Mumbai - 400601; kharkar ali,Airoli,Mumbai,4.0
Sonu Collection.,+(91)-9004704639 ; ,Shop-2; Opp R.j.thakur College; Thane West; Mumbai - 400601; Sawarkar Nagar; Thane W.,Airoli,Mumbai,0.0
Monex Stationers,22664757 ; +(91)-9820566944 ; +(91)-22-38541469 ; 22662036 ; ,Shop No 13/D; Fairy Manor; Gunbow Street; Rustam Ji Marg; Fort; Mumbai - 400001; Opposite Asian Enterprises,Airoli,Mumbai,4.4
Nirmal Novelty,9819773893 ; 65287777 ; 69504054 ; +(91)-9820597777 ; +(91)-22-28659150 ; ,Mulund West; Mumbai; S.L Road; Mulund West; Mumbai - 400080; Opp bhaji Market,Airoli,Mumbai,4.6
Venus Enterprises,+(91)-9702627264 ; +(91)-22-27697264 ; ,Shop No.44;Yash Paradise; Sector.8A; Airoli; Mumbai - 400708; Near Mc.Donalds,Airoli,Mumbai,4.8
Samarth Express,+(91)-8433829569 ; ,Mulund Manik Smriti CHS Ltd.; Mahatma Phule Marg; Mulund East; Mumbai - 400081,Airoli,Mumbai,0.0
Yadav Stationery,+(91)-7039918871 ; ,Krishna Sudama Co Operative Housing Society; Station Road; Kalwa; Mumbai - 400605; Near Railway Station,Airoli,Mumbai,0.0
Pooja Novelty,+(91)-7506573106 ; ,Shop no. 4; Ajanta Residency; plot no. 5; Sector 19; Airoli; Mumbai - 400708; Opp. Avadhoot Hospital,Airoli,Mumbai,0.0
manpasand navelty,+(91)-8652093164 ; ,shop no. 2 hasan teli apt; takoli mohalla; Kalwa; Mumbai - 400605; old belapur road,Airoli,Mumbai,0.0
Shiv Stationers,+(91)-9930701895 ; ,Shop No 11 Plot No 14; Sector 7; Ghansoli; Mumbai - 400701; Near PMC Bank,Airoli,Mumbai,3.5
Mayur Xerox & Stationers,+(91)-9820560665 ; +(91)-9892579667 ; 26288161 ; 26282577 ; +(91)-22-39864221 ; ,Shop No 1; Shree Apartment; Juhu Church Road; Juhu; Mumbai - 400049; Near Hare Krishna Temple,Airoli,Mumbai,4.3
Mahalaxmi fancy store,9967133222 ; +(91)-9967675757 ; ,Shop no.01; shubhangi apt; Old mumbai pune road; Kharegaon-Kalwa; Mumbai - 400605; Near parsik bank;opp;mahalxmi sweet,Airoli,Mumbai,0.0
Shree Hari Stationery & Xerox,+(91)-22-25444466 ; ,Shop No 4; Tembhi Naka; Thane West; Mumbai - 400601; Nagar Vachnalaya Bldg,Airoli,Mumbai,5.0
Rundawan Enterprises,,Shop No 2; Station Road; Thane West; Mumbai - 400601; Cidco Bus Stop,Airoli,Mumbai,0.0
Shree Ganesh Stationey & Xerox,+(91)-22-27550418 ; +(91)-8070703050 ; ,Shop No. 5; Sejal Chs; Plot No. 234; Sector No 1; Ghansoli; Mumbai - 400701; Sector 1,Airoli,Mumbai,3.3
B Square Corporate Suppliers,+(91)-9820982890 ; +(91)-22-38519384 ; 24922495 ; 24922494 ; ,30 Tapovan; C wing; Senapati Bapat Marg; Lower Parel; Mumbai - 400013; opposite Pheonix Mall,Airoli,Mumbai,3.5
Hetvi Enterprise,9930563606 ; +(91)-9819249025 ; ,Shop No.28; Center Point; Shopping Arcade; S. L. Road; Mulund West; Mumbai - 400080; Opp. Canara Bank,Airoli,Mumbai,0.0
Vikam Book Depot,25305555 ; +(91)-22-25394882 ; ,Kharkar Ali Road; Thane West; Mumbai - 400601; Jambli Naka,Airoli,Mumbai,4.0
A One Enterprises,25444146 ; +(91)-22-25384146 ; +(91)-9967865071 ; ,Mahavir Bhavan; Mohammed Ali Road; Thane West; Mumbai - 400601; Bhaji Market,Airoli,Mumbai,0.0
Anupam Stationery,+(91)-9004272488 ; ,Om Supriya; Old Belapur Road; Kalwa; Mumbai - 400605; Near Old Post Office,Airoli,Mumbai,0.0
Laxmi Stationers And Printer,9987649316 ; +(91)-9892536358 ; ,Shop No.3534/7; Savitribai Thakur Road;Thane Belapur Road; Mumbai - 400605; Ishwar Nagar;Near Mukund Company,Airoli,Mumbai,0.0
Deepti Stationery & Xerox,9833690773 ; 9967890773 ; +(91)-9987335000 ; ,Shop.No.11.Plot.No.1; Sector.No.8.; Airoli Sector 8; Mumbai - 400708; Near.Ganpatibapachowk,Airoli,Mumbai,0.0
Burhani Fancy General Store,+(91)-9869945024 ; ,Shop No 8; Vasant Palace; Mumbra; Mumbai - 400612; Opp F M Electricals; Anand Koliwada,Airoli,Mumbai,5.0
Rohan Stationers,+(91)-7506496249 ; 7045607053 ; ,Shop No 1; Shree Ram Apartment; Thane West; Mumbai - 400601; Yashodhan Nagar; Near Wagle Estate,Airoli,Mumbai,2.0
Eoffice Planet India PVT LTD,+(91)-22-39143400 ; ,Reliance Corporate Park; Bldg No. 3; Gr. Floor; C Wing; Gate-A; Thane-Belapur Road; Mumbai - 400701; Ghansoli,Airoli,Mumbai,0.0
Dhiraj Enterprises,+(91)-7506437760 ; ,Sudama Building; Station Road; Kalwa; Mumbai - 400605; Opp. Railway Station,Airoli,Mumbai,0.0
R N Corporate Multi Solutions,+(91)-8419911733 ; +(91)-9969191808 ; ,Sai Bhagwan Nagar Chawl; Road No 19; Andheri East; Mumbai - 400093; Near Suncity Hotel; Opposite Omkar Building; MIDC,Airoli,Mumbai,5.0
Rajesh Book Depot,9004632866 ; +(91)-9766613663 ; ,19; Arihant Apartment; Sant Ramdas Road; Mulund East; Mumbai - 400081; Near Ganesh Talkies,Airoli,Mumbai,4.0
Smart Kids,+(91)-8976601608 ; 8080904899 ; +(91)-22-25632226 ; ,Shop No 1 /2 Pratishta Building; Station Road Lt Road; Mulund East; Mumbai - 400081; Near Hari Om Sweets;Opposite Kotak Mahindra Bank,Airoli,Mumbai,0.0
Krishna Stationery & Xerox,+(91)-9821057769 ; ,Shop No 10;Plot No 12 Bhagwati Complex; Sector 9; Ghansoli; Mumbai - 400701; Opposite Rajiv Gandhi College,Airoli,Mumbai,4.5
Parsvnath Stationery & Printers,+(91)-7738924094 ; 9870344039 ; +(91)-22-25926399 ; 9870363039 ; ,Shop No 5; Shiv Shakti Apartments; Pandit Jawaharlal Nehru Road; Mulund West; Mumbai - 400080; Near to Apna Bazar,Airoli,Mumbai,5.0
Shivam Stationery Point,+(91)-9967994195 ; 65667914 ; +(91)-22-38596787 ; +(91)-9004937690 ; 28867914 ; ,Shop No 879; 1/2; Saraswati Chawl; Akruli Road; Kandivali East; Mumbai - 400101; Near PMC Bank And Hanuman Nagar,Airoli,Mumbai,4.0
New A To Z Eenterprises,+(91)-9819721722 ; ,Mulund West; Mumbai; S N Road; Mulund West; Mumbai - 400080; Opp to TMT Bus Stop;Near to Mulund Court,Airoli,Mumbai,0.0
Nine To Five,9022858737 ; 9322111306 ; +(91)-9324648274 ; ,Ground Floor; Suchiparna; M G Road; Naupada-Thane West; Mumbai - 400602,Airoli,Mumbai,3.9
Siddhi Vinayak Books & Stationery,+(91)-9322184251 ; ,Shop No 24; Chhatrapati Shivaji Shopping Center; M G Road; Mulund West; Mumbai - 400080; Opp shiv sena office;near station,Airoli,Mumbai,4.3
Mumbra Arts,+(91)-8454877165 ; ,Shop No 3 Darul Falah Building No 1; Darul Falah Colony; Mumbra; Mumbai - 400612; Near Darul Falah Masjid,Airoli,Mumbai,0.0
Sagar stationary,9821996809 ; +(91)-8108411319 ; ,monalisa building; Thane West; Mumbai - 400602; Hariniwas circle,Airoli,Mumbai,5.0
Anthony stationary,+(91)-7049452283 ; ,Shop no 6; Sector 8; Airoli; Mumbai - 400708; Station road,Airoli,Mumbai,0.0
Maharashtra stationery and general,+(91)-9022299394 ; ,Bharat english school bldng; Shop no-1;kopri colony; Thane East; Mumbai - 400603; Opp.bharat school,Airoli,Mumbai,0.0
Janata Stationers,+(91)-22-25437437 ; +(91)-9820977751 ; 25438438 ; ,Shop No.4; Krupa Chamber; Gokhale Road; Naupada-Thane West; Mumbai - 400602; Opposite MTNL,Airoli,Mumbai,4.3
Shivling Enterprises,+(91)-22-38518694 ; +(91)-9920578252 ; 26125792 ; ,Shop no.2; Monarch Castle Bldg; Hanuman Road; Vile Parle East; Mumbai - 400057; Opp. Parle Tilak School,Airoli,Mumbai,3.8
Geeta Xerox & Stationery,+(91)-9930317555 ; 42666643 ; +(91)-22-38582113 ; 28780821 ; 28792277 ; ,Shop No 18; Samruddhi Commercial Complex; Chincholi Bunder Road; Malad West; Mumbai - 400064; Mind Space; Opposite Magnus Tower & Malad Link Road,Airoli,Mumbai,4.2
Hari Om Stationery,+(91)-9320784884 ; ,Shop no 2;harishchandra smruti; Mahatma phule road; Mulund East; Mumbai - 400081; Near kurla nagrik bank,Airoli,Mumbai,0.0
Variety Stationary Store,+(91)-9892279086 ; +(91)-9869031808 ; +(91)-8879339262 ; ,C-17 Shubh Vihar Complex CHS LTD; Katrap Road; Badlapur; Mumbai - 421503; Near Aashirwad Hospital;Gaondevi Mandir,Airoli,Mumbai,3.5
Rajashree Novelty & Stationery Stores,+(91)-9967796825 ; ,Rabale; Mumbai - 400701; Kathkari Pada; Divanaka,Airoli,Mumbai,0.0
JVK Dev Digital Prints,62215707 ; +(91)-9819461835 ; +(91)-22-38545111 ; +(91)-9967268488 ; ,Shop No 1; Raj House; CST Road; Santacruz East; Mumbai - 400098; Near University Gate; Opposite Allahabad Bank; Kalina,Airoli,Mumbai,4.3
Sai Stationery & Xerox,+(91)-9773084040 ; ,Shop No 9; Anant Laxmi Chambers; station road; Thane West; Mumbai - 400601; opp vaman hair peth sons,Airoli,Mumbai,0.0
Jack N Jill gift's Gallery,9820304109 ; 9819964544 ; +(91)-22-25625164 ; +(91)-9892560534 ; ,Shop No.21; Gala Nagar; Nahur Road; Mulund West; Mumbai - 400080; Near Mehul Cinemas,Airoli,Mumbai,4.1
Lucky Stationery,+(91)-22-25463933 ; +(91)-9821266017 ; 9967928641 ; 9967928643 ; ,Shop No. 4 ; New Shakuntala Nilketan; Anand Koliwada; Mumbra; Mumbra; Mumbra; Mumbai - 400612; Anand Koliwada,Airoli,Mumbai,0.0
New Lucky Novelty Stores,+(91)-8080612527 ; ,Station Road; Kalwa; Mumbai - 400605,Airoli,Mumbai,0.0
Raj Stationery & Xerox,+(91)-9892411081 ; 9324337332 ; +(91)-22-25625129 ; ,Shop No 6; Shanti Bhuvan Building; J S D Road; Mulund West; Mumbai - 400080; Opposite Railway Station; Near Vishwa Mahal Hotel,Airoli,Mumbai,3.9
Raj Novelty,+(91)-9224764466 ; ,Mumbra; Thane; Mumbra Bazar Road; Mumbra; Mumbai - 400612,Airoli,Mumbai,0.0
Lakhani Nx,+(91)-9819848986 ; ,Shop no. 5 Meghdoot Tower; 60 Feet Road; Ghatkopar East; Mumbai - 400077; Next to Enrich Salon,Airoli,Mumbai,3.3
Rangashree xerox centre,+(91)-9594089611 ; ,Shop no 1; Station road; Thane West; Mumbai - 400601; Opp Thane college,Airoli,Mumbai,0.0
M K Book Depot,9967433214 ; +(91)-8286100100 ; ,Naupada; Thane West; flower market; Thane West; Mumbai - 400601; near datta mandir,Airoli,Mumbai,4.1
Chamunda Stationaery & Novelty Store,+(91)-9167718818 ; ,Shop no-1; sector-16; Airoli; Mumbai - 400708; near Radhika bai school,Airoli,Mumbai,0.0
Sai Novelty & Stationery,+(91)-9920703067 ; ,Airoli; Mumbai - 400708; Sector 3; Opp Shivsena Office,Airoli,Mumbai,0.0
Shah Mepshi Narshi,+(91)-9821807510 ; +(91)-9819388884 ; +(91)-22-38547534 ; 24920491 ; 24928472 ; ,Shop No 2; Pardiwala Chawl; Sun Mill Road; Lower Parel; Mumbai - 400013; Opposite Niwara Building,Airoli,Mumbai,3.9
Good Luck Stationery Point,+(91)-9029779701 ; +(91)-8422099701 ; ,Shop No 24; Plot No I1 Balaji Aangan Building; Sector 3; Kharghar; Mumbai - 410210; Opposite NIFT college,Airoli,Mumbai,4.3
Royal Sstationery & Novelty,+(91)-9820513315 ; +(91)-22-21633538 ; ,9 Janki Dham; L T Road; Mulund East; Mumbai - 400081,Airoli,Mumbai,0.0
Shriram Book Depot,+(91)-22-25421745 ; ,Shop. No. 1; Shri Krishna Niwas; Gokhale Road; Naupada-Thane West; Mumbai - 400602; Opp. TBZ Jewellers,Airoli,Mumbai,4.1
Sree Krishna Digital Prints,+(91)-9821561944 ; ,Shop no.1; Transis Camp; 90 Feet Road; Mulund East; Mumbai - 400081; Near Kelkar College,Airoli,Mumbai,0.0
M K Collection,+(91)-8433525471 ; ,Shop No-1; Gaon Devi Wadi; Ghansoli Village; Ghansoli; Mumbai - 400701; Opp Union Bank,Airoli,Mumbai,0.0
Mangalmurti Novelty,,Sec - 7; Ghansoli; Mumbai - 400701,Airoli,Mumbai,0.0
Jayshree stationary,+(91)-9584787999 ; ,Shop no 18/D; Sector 3; Airoli; Mumbai - 400708; Station road,Airoli,Mumbai,0.0
Omkar Graphics,+(91)-9833371295 ; ,Shop No -17; Sector -5; Hawre Chawk; Ghansoli; Mumbai - 400701; Opposite Ghansoli Police Chowki,Airoli,Mumbai,4.5
Satyam Enterprises,+(91)-9821446717 ; ,Shop and-3; Ayodhya Chs; Plot and-10; Sector-5; Ghansoli; Mumbai - 400701; Opp Ghansoli Station,Airoli,Mumbai,3.0
Jay Ambe Stationery And Xerox,+(91)-9820993344 ; +(91)-9820370011 ; 24229593 ; +(91)-22-38546006 ; 66633708 ; ,5; Jayant Sapphire Building; Sayani Road; Khedgali; Prabhadevi; Mumbai - 400025; Near Indiabull Finance Centre,Airoli,Mumbai,3.1
Sumit Xerox Centre,+(91)-9823688183 ; ,Shop No 2; Thana College Road; Thane West; Mumbai - 400601; Near Cidco Bus Stop,Airoli,Mumbai,0.0
Zalani Stationery Mart,38519437 ; +(91)-22-38519437 ; ,153; Bhabha Building; S G Marg; Princess Street; Mumbai - 400002; Near Bank Of India,Airoli,Mumbai,4.1
Sanjay Book Depot & Stationers,+(91)-22-25442674 ; ,Purnanand building; Gokhale Road; Naupada-Thane West; Mumbai - 400602; Thakur blocks,Airoli,Mumbai,4.4
Sagar Stationery & Xerox,+(91)-9892561678 ; 25337531 ; 9821996808 ; 9769700090 ; +(91)-22-25378080 ; ,Shop No 15; Monalisa Apartments; Thane West; Mumbai - 400602; Opposite Axis Bank,Airoli,Mumbai,3.9
MY COLLECTION,9869682669 ; +(91)-9769061381 ; ,Shop No 12 Plot No 25 & 30; Sector 6; Ghansoli; Mumbai - 400701; Opp Galaxy Hair Cutting Salon,Airoli,Mumbai,0.0
Shree Siddhivinayak Xerox Center,+(91)-9004030677 ; ,Shop no. 08; S. L. Road; Mulund West; Mumbai - 400080; Opp. Saibaba Mandir,Airoli,Mumbai,4.0
Leena Stores & Book Depot,+(91)-8655619037 ; 9322298142 ; ,Shop No 2; Shanti Sadan; 90 Feet Road; Mulund East; Mumbai - 400081; Near To Hot Chips,Airoli,Mumbai,3.7
Kamal Kirana Store,+(91)-22-25301466 ; +(91)-9223356702 ; ,Shop No 1; Shaniwar Park; Old Belapur Road; Kalwa; Mumbai - 400605; Suyar Nagar,Airoli,Mumbai,0.0
Laxmi Gift & Stationery,+(91)-9870880330 ; ,Gagangiri Apts; Old mumbai pune road; Kharegaon-Kalwa; Mumbai - 400605; Next to parsik bank,Airoli,Mumbai,3.0
Bhagyalaxmi Novelty,+(91)-9768184746 ; ,Shop no. 1; Datta Nagar; Ghansoli Gaon; Ghansoli; Mumbai - 400701; Near Thane Belapur Road,Airoli,Mumbai,0.0
Saraswati bookshop,+(91)-9324031124 ; ,Shop no 14;lok kedar; ACC road;J.S.B road; Mulund West; Mumbai - 400080; Opp ecsstacy mall,Airoli,Mumbai,0.0
Vaviya Stationers & Printers,+(91)-9987719279 ; +(91)-9004424722 ; +(91)-22-24369710 ; ,Shop No 2 ; Chitrakoot Bldg; Opp. Sahakar Bhandar; Dadar West; Mumbai - 400028; Agar Bazar,Airoli,Mumbai,4.8
Mahavir Stationary,+(91)-8108348289 ; ,Shop no 17 Rambachhan Gupta chawl; Dumping road; Mulund West; Mumbai - 400080; Near pushpa bar,Airoli,Mumbai,0.0
Ganesh Stationery,+(91)-9029109225 ; ,Shop No.11/12; Maruti Enclave; Sector 8; Airoli; Mumbai - 400708; Near Yash Paradise,Airoli,Mumbai,0.0
Jalaram Stationers & Printers,+(91)-9833806434 ; 9819296445 ; 9833973635 ; +(91)-22-25393490 ; 9833243635 ; 25399810 ; ,Shop No 3; Vatika Building; Ghantali Road; Naupada-Thane West; Mumbai - 400602; near sai baba mandir,Airoli,Mumbai,5.0
Prisha Enterprises,+(91)-9702783499 ; +(91)-9892257509 ; ,Shop No 5; Near BDD 102; SS Amrutwar Marg; Lower Parel; Mumbai - 400013; Opposite Shree Ram Mill Gate 6,Airoli,Mumbai,4.5
Bapuji Enterprises,+(91)-9323223746 ; +(91)-22-25617130 ; ,18 Jayanti Apt; J Dossa Road; Mulund West; Mumbai - 400080; Next To Hotel Athiti Opp Tmt Bus Stand,Airoli,Mumbai,0.0
Ujjuwal Stationery,+(91)-9967505111 ; ,Shop No.1; Shanti Sadan; M P Road; Mulund East; Mumbai - 400081; Near Station,Airoli,Mumbai,0.0
Shreeji Stationery And Xerox,+(91)-9867122920 ; ,Kashi Ratna Bhavan; Cidco Road; Chandeni Koliwada-thane East; Mumbai - 400603; Near Thane Bharat Bank,Airoli,Mumbai,0.0
Royal Stationery,+(91)-9930405122 ; 8879169544 ; ,VASUDHA BUILDING; BANK OF INDIA COMPOUND; B.P.ROAD; Mulund West; Mumbai - 400080; NEELKANTH NAGAR,Airoli,Mumbai,4.0
Samarth Granth Bhandar,+(91)-22-21639646 ; ,Shop No 2; Gokhale Road; Mulund East; Mumbai - 400081; Opp JAI Ganesh Talkies,Airoli,Mumbai,4.0
Divya Collection,25807562 ; +(91)-22-25829116 ; ,Shop No 1; Narayan Smruti; Thane West; Mumbai - 400601; Near R J Thakur College; Veer Savarkar Nagar,Airoli,Mumbai,3.5
Deepak Stationery And Book Depot,+(91)-9702920531 ; ,Shop No 4; Jayvant Apartment; Old Belapur Road; Vitava-Kalwa; Mumbai - 400605; Near Karuna Apartment,Airoli,Mumbai,1.0
Bhagyashree general store,+(91)-9892504341 ; ,AL1 Room No 549 Shiv Shartrapati Appartment; Sector-16; Airoli; Mumbai - 400708; Near Radhika Bai School,Airoli,Mumbai,0.0
Fantasy Stationery,+(91)-22-25395367 ; +(91)-9920951656 ; ,Shop No 4;Sathe Modgi Apartment; Veer Savarkar Road; Charai-Thane West; Mumbai - 400601; Near St Jone Highs School,Airoli,Mumbai,5.0
Aqsa Novelty Store,+(91)-9892980504 ; ,Shop No.1;Oasis Arcade; Old Mumbai Pune Road; Kausa; Mumbai - 400612; Opp Kaka Nagar,Airoli,Mumbai,0.0
Skyline Computers,+(91)-9819072672 ; +(91)-9833665937 ; 27483555 ; +(91)-22-38547372 ; ,838; Panhale Nivas; M G Road And Tapal Naka; Panvel; Mumbai - 410206; Near Shani Mandir,Airoli,Mumbai,3.5
Kamal Book Seller,,Shop No 6 Godavari Apartment; Kalwa; Mumbai - 400605; Near Mangala High School,Airoli,Mumbai,0.0
Millennium Stationery & Xerox,+(91)-9930947745 ; +(91)-22-38520285 ; 27565725 ; 27565726 ; ,Shop No-12 SAI Pooja Chambers Plot No-58; Sector 11; Cbd Belapur; Mumbai - 400614; Near Railway Station Cbd,Airoli,Mumbai,3.4
Welcome Novelty,+(91)-9833599351 ; ,Shop No-24; Airoli Naka; Chinpada; Airoli; Mumbai - 400708; Ganesh Nagar,Airoli,Mumbai,0.0
Shree Jyotirlinga Novelty,+(91)-8652137995 ; ,Kalwa; Thane; Mumbai; Station Road; Kalwa; Mumbai - 400605,Airoli,Mumbai,0.0
Twinkle Stationery,+(91)-22-39692931 ; +(91)-9867932383 ; +(91)-9892146460 ; 27574577 ; ,Vidya Commercial; Shop No 5; Cbd Belapur Mode;Sector No 11; Cbd Belapur; Mumbai - 400614; Near Bank Of India; Near UTI Bldg,Airoli,Mumbai,3.5
Hardik Enterprises,9821106503 ; +(91)-9892725672 ; ,SHOP NO.1;BIDWAI HOUSE; EDULJI ROAD; Charai-Thane West; Mumbai - 400601; OPP.JAIN CLINIC;NEAR TEBMBHI NAKA,Airoli,Mumbai,5.0
Jeenaam Stationary & Xerox,+(91)-9819421363 ; 9769966883 ; ,Shop 4; Gopinath Plaza; station road; Thane West; Mumbai - 400601; near datta mandir,Airoli,Mumbai,5.0
Tara Stationery,+(91)-22-65211432 ; ,Shop no 3; Dharmjeevan Co Op Housing Society; Sector 3; Airoli; Mumbai - 400708; Near Railway Station,Airoli,Mumbai,4.2
ADAM Printers & Stationers,+(91)-9969038984 ; ,Shop No.3;Matoshri Society;Sector 9; Airoli; Mumbai - 400708; Near Airoli Mulund Bridge,Airoli,Mumbai,0.0
Khan Stationnary,+(91)-9833362694 ; ,Firdos Apartment; Market Road; Mumbra; Mumbai - 400612; Near Garib Nawaz Masjid,Airoli,Mumbai,0.0
Bapuji Book Stall,+(91)-9967925986 ; +(91)-22-25404323 ; ,1 Shradha Building; sambaji path; Naupada-Thane West; Mumbai - 400602; Vishnu Nagar,Airoli,Mumbai,4.5
Shree Ganesh Stores,+(91)-9892562863 ; +(91)-9870483280 ; ,Shop No 2/3; Shree Ganesh Market; Pandurang Wadi Road; Goregaon East; Mumbai - 400063; Near St Thomas High School,Airoli,Mumbai,4.2
Geeta Stationery & Xerox,27694949 ; +(91)-22-27606605 ; ,Plot No 1889; TTC Industrail Area MIDC; Rabale; Mumbai - 400701; Opp Rakesh Kabra Company,Airoli,Mumbai,4.0
Sadguru Enterprises,7715083422 ; 8573975620 ; +(91)-22-27641874 ; +(91)-9833071873 ; ,Devendra Plaza; Sector No.8; Airoli; Mumbai - 400708; Near Majidin High School; Sector 8 A,Airoli,Mumbai,0.0
Mahavir General Store,+(91)-22-38516534 ; +(91)-9869252463 ; 25284277 ; ,Shop No 10; N G Acharya Marg; Chembur East; Mumbai - 400071; Below Rajhans Hotel; Near Saroj Hotel; Opposite Railway Station,Airoli,Mumbai,4.0
Kaifi Book,+(91)-9867414981 ; +(91)-22-25491635 ; ,10 Afrin Apt; Mumbai Pune Rd; Mumbra; Mumbai - 400612; Opp Memon Bank,Airoli,Mumbai,5.0
A To Z Stationery & Xerox,+(91)-9820842896 ; ,Shop No 1; Sheeba Apartment; Sahar Road; Andheri East; Mumbai - 400099; Near Suba International Hotel; Kabir Nagar,Airoli,Mumbai,4.1
Shakti Expoter,+(91)-8655987269 ; ,Shop No.1; Sai Complex; Sec-3; Airoli; Mumbai - 400708; Near Shri Ram School,Airoli,Mumbai,0.0
Satguru Shopping Centre,9820593925 ; +(91)-8451904452 ; 9819753682 ; 8451904454 ; +(91)-22-25423682 ; ,Shop No 3 Guruprema Building; Shivaji Path; Thane West; Mumbai - 400601; Opposite Bhanushali Hospital Naikwadi,Airoli,Mumbai,3.8
Asmi stationary,+(91)-8082600527 ; ,Shop no 7; Sector2; Airoli; Mumbai - 400708; Nr.Datta meghe colg,Airoli,Mumbai,0.0
Ra,+(91)-9904956850 ; ,Mumbai - 400708,Airoli,Mumbai,0.0
Mango Stationery Pvt Ltd,25300514 ; 9820855777 ; +(91)-22-25300509 ; +(91)-9870757678 ; ,4/5 Pradhan Building; Gokhale Road; Naupada-Thane West; Mumbai - 400602,Airoli,Mumbai,4.1
Sagar Stationery And Housekeeping,+(91)-9833230361 ; +(91)-9699116252 ; ,4 ; Trimurti Sadan Building; Savarkar Nagar; Mahatma Phule Road; Thane West; Mumbai - 400601; Opposite Sachin Tendulkar Stadium ; Near RJ Thakur College,Airoli,Mumbai,4.0
Right Stationery & Xerox,25012324 ; 25012631 ; +(91)-9819215515 ; +(91)-22-38586286 ; 69503020 ; ,Near Building No.5; Pant Nagar 90 Feet Road; Ghatkopar East; Mumbai - 400075; Opp. Ganesh Mandir,Airoli,Mumbai,4.6
Vrundaavan Enterprises,+(91)-9920214748 ; 9702000062 ; ,D D Nakwa Compound; clg road; Thane West; Mumbai - 400601; near gjanand vdapav,Airoli,Mumbai,0.0
Lucky Stationery And Xerox,+(91)-9867547290 ; 29200808 ; 28560944 ; +(91)-9820381570 ; 28595500 ; 28510364 ; +(91)-22-38583337 ; ,Shop No 1; Corporate Point; Makwana Road; Andheri East; Mumbai - 400059; Near S M Centre; Marol Naka,Airoli,Mumbai,3.8
Supreme Stationary & Xerox,+(91)-7045179451 ; ,Par; R-19; unit no. 5; Thane Belapur road; Rabale; Mumbai - 400701; MIDC Rabale,Airoli,Mumbai,0.0
Vidhi Jumbo Xerox,+(91)-9867443966 ; 27890148 ; +(91)-9821442103 ; +(91)-22-27890147 ; ,Shop No 12; A wing; Vashi Plaza Complex; Sector 17; Vashi; Mumbai - 400703; Near Vashi Police Station,Airoli,Mumbai,4.1
Satyam stationery And Xerox,+(91)-9892532586 ; ,Shop No 1 Shyam Behindavan; BK Road; Mulund East; Mumbai - 400081; Near Railway Station,Airoli,Mumbai,0.0
Prince Collection,+(91)-22-38517603 ; +(91)-8268281111 ; +(91)-9870804921 ; 25827327 ; +(91)-8268287777 ; ,Shop No 5; Patil Apartment; Road No 27; Wagle Industrial Estate-Thane West; Mumbai - 400604; Shanti Nagar; Opposite TMC School,Airoli,Mumbai,3.9
Jinaam Xerox and Stationery,9702910522 ; +(91)-9819655364 ; ,Shop No.3; Sham Bhuvan; B.K.Marg; Mulund East; Mumbai - 400081; Near Mulund Rly Station,Airoli,Mumbai,0.0
Al Noor Stationery,+(91)-9821608016 ; 8424888337 ; ,Shop No. 9 - B; Raees Anees Garden; Rashid Compound; Kausha; Mumbra; Mumbai - 400612; Near Bismillah Tower,Airoli,Mumbai,0.0
Priya Book Stall,+(91)-9819096525 ; ,Shop No. 5; Sai Leelavan; Sec-19; Airoli; Mumbai - 400708; Opposite to NHP School,Airoli,Mumbai,0.0
Milan Store,+(91)-22-25618216 ; ,Vaity Bhvn; Navghar Road; Mulund East; Mumbai - 400081,Airoli,Mumbai,0.0
Kalavinda,+(91)-9329474002 ; ,highstreet; majiwada; Mumbai - 400602; opp big bazar,Airoli,Mumbai,0.0
Thane Stationery Point,+(91)-9920244882 ; +(91)-22-22963991 ; ,Shop No 5; Dwarka Building; Shivaji path; Thane West; Mumbai - 400601; Opp Punjab National,Airoli,Mumbai,4.0
Aditya Communication Centre,+(91)-8286861580 ; ,Shop No 02; Adarsh Niwas; ghansoli gao; Ghansoli; Mumbai - 400701; Samrat Nagar,Airoli,Mumbai,0.0
Kankariya Books & Stationery Mart,+(91)-22-25368783 ; +(91)-9004868613 ; ,Paley Building; Shop No 2; Station Road; Kalwa; Mumbai - 400605; Near Prince Electronics,Airoli,Mumbai,0.0
Aarti Stationery & Xerox,+(91)-9594368435 ; ,Nakhwa Compound; Thana Colleges Road; Thane West; Mumbai - 400601; Near Cidco Bus Stop; Opposite Thane College,Airoli,Mumbai,3.5
Shubham Stationery & Xerox Centre,+(91)-9702710685 ; ,Shivsagar Society; Old Mumbai Pune Road; Kharegaon-Kalwa; Mumbai - 400605; Last Kharegaon Bus Stop,Airoli,Mumbai,0.0
Satyam Stationery & Printer,65809555 ; +(91)-22-39864259 ; +(91)-8452070530 ; +(91)-9892990624 ; ,Manthan Plaza; Nehru Road; Santacruz East; Mumbai - 400055; Near Fish Market,Airoli,Mumbai,3.5
Gyaan Book Store,+(91)-8454905622 ; +(91)-22-25338778 ; ,Shop no 5; shree krishna complex; Station Road; Thane West; Mumbai - 400601; Platform No 1,Airoli,Mumbai,4.0
Port Of Aspirations,+(91)-9833010599 ; +(91)-7506513037 ; +(91)-9833010051 ; 27480045 ; +(91)-22-38591397 ; ,Shop No 6 And 7; Neel Plaza; Plot No 41; Sector 3; New Panvel; Mumbai - 410206; Near DAV Public School And To State Bank Of India,Airoli,Mumbai,4.5
Hari Om Stationery & General Stores,+(91)-9867215154 ; ,Shop No 1; Kamla Apartments; Sant Ramdas Road; Mulund East; Mumbai - 400081; Opp to Sangeeta Aashram,Airoli,Mumbai,0.0
Laxmi Novelty & Book Depot,+(91)-9869984539 ; ,Phase II; Thane West; Mumbai - 400601; Opp Laxmi Park Lokmanya Nagar Pada No 2,Airoli,Mumbai,4.5
Kapoor Books & Stationery Co Pvt Ltd,+(91)-22-21730441 ; +(91)-9323806004 ; ,Thane West; Mumbai - 400601,Airoli,Mumbai,5.0
Raj Stationery & Xerox,+(91)-8108731029 ; ,Shop No 1; Abhijit Building; Mithagar Road; Mulund East; Mumbai - 400081; Opposite Vaishali Restaurant,Airoli,Mumbai,3.0
Pramanik Stationery & Novelty,+(91)-9819833027 ; +(91)-22-25601039 ; 9821042751 ; 9819788828 ; ,4 Shyam Apt; S N Rd; Mulund West; Mumbai - 400080; Tambe Ngr,Airoli,Mumbai,1.5
A4 Graphics,+(91)-9769337359 ; +(91)-22-38545999 ; 25173358 ; ,Shop No A1/8; Noor Mohammad Compound; L B S Marg; Ghatkopar West; Mumbai - 400086; R City Mall; Near Godrej Gate No 1,Airoli,Mumbai,4.7
Ashapura Stationers& Printers,+(91)-22-38518372 ; 27577555 ; +(91)-9820460540 ; ,Shop no.19; Punit Tower 1; Sector.11; Cbd Belapur; Mumbai - 400614; Near sarovar vihar; besides bank of india,Airoli,Mumbai,3.0
Laxmi Novelty,+(91)-9819917394 ; ,Shop no. 6; Plot no. 8; Pratik Society; Sector 10; Airoli; Mumbai - 400708; Near bus stand,Airoli,Mumbai,0.0
Harish Plus,26356400 ; +(91)-8879355485 ; +(91)-22-38510126 ; 26356800 ; +(91)-9892221650 ; ,Shop No 62;RNA Arcade Building; Lokhandwala complex; Andheri West; Mumbai - 400053; Opposite VIP Centre,Airoli,Mumbai,3.9
Maruti Digital Print,+(91)-9022204080 ; ,Shop No 2 Ranesh Appt.; Shani Mandir; Thane West; Mumbai - 400601; Behind Datta Mandir,Airoli,Mumbai,0.0
Shivam collection,+(91)-9773353127 ; ,Shop no. 5; Barkha apt.; Airoli; Mumbai - 400708; Sector 20,Airoli,Mumbai,0.0
Shivam Stationary Stores,+(91)-9820413765 ; 9773808661 ; +(91)-9773808661 ; ,Shop No -5; Nimbus Center; Sab TV Lane; Andheri West; Mumbai - 400053; Near Laxmi Industries,Airoli,Mumbai,4.2
Shivam Stationery & Xerox,+(91)-9833901133 ; +(91)-22-25619993 ; ,Shop No 11; Jayanti Apartment; J.S.D Road; Mulund West; Mumbai - 400080; Opposite TMT Bus Stop; Near Attithi Hotel,Airoli,Mumbai,3.9
Vikas Stationers,25449226 ; 9167161717 ; +(91)-22-25366505 ; +(91)-9820821712 ; ,01 Vilasini Building; Shivaji Path; Thane West; Mumbai - 400601; Near Railway Station; Opposite Gaondevi Bus Stop,Airoli,Mumbai,3.8
Vikas Book Centre,+(91)-9867313434 ; ,Arjun Tower; Ghokale Road; Thane West; Mumbai - 400601; Opp Peter England Showroom,Airoli,Mumbai,0.0
Mahavir Book Sellers,+(91)-22-25409033 ; ,Shop No.3 Daru Wal Bldg; Tembi Naka; Nr Green Guru Fast Food; Thane West; Mumbai - 400601; Opp Civil Hospital,Airoli,Mumbai,4.2
Raj Novelty,+(91)-8875409313 ; ,Eden Park; Shop no. 5; Sector 5; Airoli; Mumbai - 400708; Opp. Yash Paradise Building,Airoli,Mumbai,0.0
Galaxy Book Depot & Gift Shopee,+(91)-9664136666 ; ,Shop No.13;Ramdev Complex; Sector 19; Airoli; Mumbai - 400708; Opposite ICICI Bank,Airoli,Mumbai,2.5
Shubh Collection,+(91)-9833586806 ; ,Shop No -25; Sector-4; Airoli; Mumbai - 400708; Near Garden,Airoli,Mumbai,0.0
Satyam Shivam Sp. & Jents Cornr,9702261956 ; +(91)-8424861628 ; ,Ghansoli village; Sunday market; Ghansoli; Mumbai - 400701; Opp D-mart,Airoli,Mumbai,0.0
Ceedco Stationery,+(91)-8082026514 ; ,Shop no 1; Station road; Thane West; Mumbai - 400601; Opp an roll,Airoli,Mumbai,0.0
Maruti Enterprises,+(91)-9769973984 ; ,Jaimahakali Building; Shop No 23; Road No 8; Andheri East; Mumbai - 400093; Ambedkar Nagar; MIDC,Airoli,Mumbai,4.1
Maharaja Book Depot,9869413990 ; +(91)-9819278762 ; +(91)-22-27603354 ; ,Shop no. 14 ; Vraj vihar shopping centre; Sector-16; Airoli; Mumbai - 400708; Near Airoli Circle,Airoli,Mumbai,3.5
Archana Enterprises,+(91)-22-27602612 ; 27691913 ; ,12-A;Swawlambi;Plot No.233;Sector-4; Airoli; Mumbai - 400708; Opp Airoli Iron & Steel,Airoli,Mumbai,0.0
Kaifi Books & General Store,9892994354 ; +(91)-8452040508 ; ,Shop No 10 Afreen Apartment; Old Mumbai Pune Road; Mumbra; Mumbai - 400612; Next To Noorani Restaurent Opp Bank Of Boroda,Airoli,Mumbai,0.0
Prakash Novelty,+(91)-9867328455 ; ,Shivdarshan Apt; Shop No.20; Old Belapur Road; Kalwa; Mumbai - 400605; Nr. Shankar Mandir,Airoli,Mumbai,0.0
Neha Stationery & Xerox,+(91)-22-38587971 ; +(91)-9821767537 ; 26863849 ; ,Shop No 10; Suraj Height Tower; Walbhat Road; Goregaon East; Mumbai - 400063; Near Nirlon Complex Gate,Airoli,Mumbai,3.5
Roopam Novelty,+(91)-9960199313 ; ,Mumbra; Thane; Mumbra Bazar Road; Mumbra; Mumbai - 400612,Airoli,Mumbai,0.0
New Popular Book Shop,9167369179 ; +(91)-9769362229 ; ,Shop no. 18;19;29; ajanta sea breeze building; Sector 14; Airoli; Mumbai - 400708; Opposite New Horizon School; Sector 19,Airoli,Mumbai,3.4
Mahakali Stationery & Book Shop,7506221685 ; +(91)-8451035716 ; 9869838582 ; ,Shop No 3; Tembi Naka; Thane West; Mumbai - 400601; Opp Civil Hospital New Guru Fast Food,Airoli,Mumbai,3.0
Shree Ganesh Stationery & Novelty,+(91)-9867801810 ; ,Shop No 5; Sejal Co-Operative Housing Society Plot No 234; sector-1; Ghansoli; Mumbai - 400701; Near Ghansoli Darga,Airoli,Mumbai,5.0
New Ravechi Book Store,+(91)-8424882597 ; ,Shree Ambika Dham Chs; Shop No-07; Sector-03; Ghansoli; Mumbai - 400701; Station Road,Airoli,Mumbai,3.5
Kanak novelty,+(91)-8286281430 ; ,Shop no.f/4 Om Sai Dham; Sector-7; Ghansoli; Mumbai - 400701,Airoli,Mumbai,5.0
Bhawani Soap Centre,+(91)-9867181230 ; 9987330156 ; ,shop no 1; Kalwa; Thane; Mumbai; market galli; manish nagar; Kalwa; Mumbai - 400605; market road/ opp manisha nagar gate no. 1,Airoli,Mumbai,0.0
Om Shree Stationers,+(91)-9820359494 ; 9820924402 ; ,Ramdev APT Al-1 Room no-362 Sector 16; Thane Belapur Road; Airoli; Mumbai - 400708; Smt Radhikabai Meghe Vidyalaya,Airoli,Mumbai,0.0
Sai Sagar Stationery & Xerox,9833268993 ; +(91)-9870585557 ; +(91)-22-66734764 ; ,Shop No 3; JAI Shankar Apartment; Bhakti Mandir Road; Naupada-Thane West; Mumbai - 400602; Opposite Kalyan Janata Bank; Hari Niwas Circle,Airoli,Mumbai,5.0
Taj stationery,+(91)-9029787426 ; ,Shop no-02;Laxmi niwas; Sector-09; Airoli; Mumbai - 400708; Near shiv sena office,Airoli,Mumbai,0.0
Jsr Stationery & Computeers,+(91)-8097392652 ; +(91)-7770091403 ; +(91)-22-38512398 ; 655121 ; 655120 ; ,Shop No 5;Yash Siddhi Residency Below Vasai Vikash Sahakari Bank Navapur Naka Palghar Road; Palghar Road; Boisar; Mumbai - 401501; BelowVasai Vikash Sahkari Bank,Airoli,Mumbai,3.5
Antique Colection,+(91)-7977461733 ; ,Shop No 5; Maruti Enclave Society; Sector-08/A; Airoli; Mumbai - 400708; Near Yash Paradise,Airoli,Mumbai,0.0
Harish Collection,26334412 ; +(91)-9833311667 ; 9819855031 ; +(91)-22-38591745 ; +(91)-7506898924 ; 26319628 ; ,Shop No 9; Embassy Building; Lokhandwala Complex; Andheri West; Mumbai - 400053; Opposite Foodin Hotels,Airoli,Mumbai,4.1
New Sonal Book Depot,+(91)-22-25643045 ; ,shop no 26; M G Road; Mulund West; Mumbai - 400080; opp shiv sena office,Airoli,Mumbai,4.0
Royal Stationery Mart,+(91)-22-25376160 ; 25367170 ; ,6;Hemendra Complex; Gokhle Road; Thane West; Mumbai - 400601; Below Indravati Hall,Airoli,Mumbai,4.7
Trimurti Interprises,+(91)-9869378604 ; ,Shop No.D/6;plot No.7;Saidham Soc.; mhada colony; Mulund East; Mumbai - 400081; Near mhada colony,Airoli,Mumbai,0.0
Mahakali Enterprise,+(91)-22-27797880 ; +(91)-9167039373 ; 9664998200 ; ,ROW HOUSE-06;Mohit CHS; Sector-02; Airoli; Mumbai - 400708; Opp.datta meghe college,Airoli,Mumbai,0.0
Maaz Books & Stationery,+(91)-9867578663 ; 9029385024 ; ,Shop No 6; Aisha Palace; Kausa; Mumbai - 400612; Almas Colony; Opposite Wafa Hill,Airoli,Mumbai,0.0
Mahavir Stationers,+(91)-9322345999 ; 9892564486 ; 9821752000 ; ,10;Beth Solumn Bldg.; Tembinaka; Thane West; Mumbai - 400601; Near Civil Hospital,Airoli,Mumbai,3.9
Jyoti Book & Stationery,+(91)-22-25892224 ; ,Chitalsar Manpada Main Mkt; G B Rd; Thane West; Mumbai - 400601,Airoli,Mumbai,4.2
Hari Om Stationery & Xerox,27788644 ; +(91)-22-38579961 ; +(91)-9820008576 ; ,Shop No. 02; House No. 560; Thane Belapur Road; Mahape Village; Ghansoli; Mumbai - 400701; Nr. Millenium Business Park,Airoli,Mumbai,4.0
Kailash Book Depo And Novelty,+(91)-9702764104 ; 8108313860 ; ,Shop No-1; Gajanan Society; Dattawadi Road; Airoli; Mumbai - 400708; Near Corporation Bank,Airoli,Mumbai,3.5
Aashapura stationery,+(91)-7738856409 ; ,Shop no. 4; Ajanta empress; Airoli; Mumbai - 400708; Sector 19,Airoli,Mumbai,0.0
Anupam Express Stationery Point,+(91)-9967243500 ; +(91)-9870050604 ; ,Shop No B1; BEST Building; S V Road; Andheri West; Mumbai - 400058; Next To Mc Donalds; Opposite Railway Station,Airoli,Mumbai,3.9
Hayat Book Depot,+(91)-9870333331 ; +(91)-22-25469726 ; 9870003999 ; ,Shop No 2; Kausar Baug I Wing; Mumbra; Mumbai - 400612; Near By Mumbra English High School; Amrut Nagar,Airoli,Mumbai,0.0
Mahaveer Stationery and Xerox,+(91)-9870029959 ; ,Shop No 17 dindayal upadhay marg; Dumping Road; Mulund West; Mumbai - 400080; Buddha vihar,Airoli,Mumbai,3.3
Himalaya Enterprises,+(91)-22-25422072 ; 25443034 ; ,Prashant Nagar;Off Gokhale Road; Thane West; Mumbai - 400601; Behind Malhar Cinema,Airoli,Mumbai,4.0
Just Enterprises,9920179743 ; +(91)-9920179783 ; ,Shop No 7; Aurus Chambers; S.S.Amrutwar Marg; Worli; Mumbai - 400018; Near Mahindra Tower,Airoli,Mumbai,4.3
Shri Ganesh Fancy Book Depo and General Store,+(91)-9820974931 ; 9702085571 ; 7666612255 ; 8169868720 ; ,Shop no.2;ganraj house; Parsik nagar road; Kharegaon-Kalwa; Mumbai - 400605; Near bhavika vidyalaya,Airoli,Mumbai,0.0
smart kids,+(91)-9322293411 ; +(91)-9167293411 ; ,Shop No 8; new shivam Building; kulupwadi; Borivali East; Mumbai - 400066; nr national park; nr tree house,Airoli,Mumbai,4.0
Maze Granth Bhandar,+(91)-9892988800 ; +(91)-22-25368490 ; 67921445 ; ,Station Road; Thane West; Mumbai - 400601; Near Vaidya And Company; Opposite Prabhat Theatre,Airoli,Mumbai,4.3
Sonal Stationery,+(91)-9769000120 ; 25929303 ; +(91)-22-25652210 ; ,Shop No 8; Shri Niwas Building; J N Road; Mulund West; Mumbai - 400080; Opposite Sainath Plaza,Airoli,Mumbai,4.1
Bhairaonath Book Depot,25892833 ; +(91)-22-25894714 ; +(91)-9224662484 ; ,Ghod Bunder Road ;Manpada; Thane West; Mumbai - 400601; Nadimaya Madhir Near By,Airoli,Mumbai,0.0
Kirtida Book Centre And Genral Store,+(91)-9594250221 ; ,Ashoka Apartment shop no 12; Mahatma Phule Road; Mulund East; Mumbai - 400081; Near Deshmukh Garden,Airoli,Mumbai,3.7
Kalpana Stationery & Book Centre,+(91)-22-25644027 ; 9029506498 ; 7715836083 ; +(91)-9819582094 ; ,Shop No 23; Mahatma Gandhi Road; Mulund West; Mumbai - 400080; Opp Shiv Sena Office; Opp Swarna Plaza Jewellers,Airoli,Mumbai,3.2
Puja Novelty And Book Depot,+(91)-8080073785 ; 8055520755 ; ,Shop No-01; Station Road; Thane East; Mumbai - 400603; Near Station,Airoli,Mumbai,0.0
Hari Om Stationery & Xerox,+(91)-22-25386885 ; +(91)-7045192335 ; ,Chaubal House Shop No 1; Old Bombay Agra Road; Thane West; Mumbai - 400601; Opp IDBI Bank Jamali Naka,Airoli,Mumbai,3.3
Jai bhavani novelty and book store,+(91)-9029597221 ; ,Shop no-04;sai sparsh building;plot no-92; Sector-21; Ghansoli; Mumbai - 400701; Opp. Goandevi Mandir,Airoli,Mumbai,0.0
Mittal Stationery & Xerox,9167213548 ; +(91)-9920302558 ; ,Shop No 02; Mayur Apartments; Station Road; Thane West; Mumbai - 400601; Near Cidco Stop; Chendani Koliwada,Airoli,Mumbai,0.0
Vikas Book Agency,+(91)-9224637481 ; 9757296726 ; +(91)-22-25303036 ; 25408592 ; ,1/2; Thanawala Apartments; Kharkar Lane; Thane West; Mumbai - 400601; Jambli Naka,Airoli,Mumbai,3.9
Shree Student Xerox & Stationery,+(91)-7666574341 ; +(91)-9167183662 ; ,Shop No 6; Mahavir Rachana; Plot No 54; Sector 15; Cbd Belapur; Mumbai - 400614; Opposite Bhoomi Mall,Airoli,Mumbai,4.6
Satyam Stationery & Xerox,9594607777 ; +(91)-9821337353 ; ,Shop No.1; Shyam Bhavan; B.K.Road; Mulund East; Mumbai - 400081; Near Railway Station,Airoli,Mumbai,0.0
Kidoz Kingdom,+(91)-22-25346666 ; +(91)-9029362456 ; ,Shop No 16; Monalisa Co-Operative Housing Society Limited; L B S Road; Thane West; Mumbai - 400602; Near Hariniwas Circle,Airoli,Mumbai,5.0
Mumbai Book Centre,9167674256 ; +(91)-9029548319 ; ,Shop No 5; Kamal Jyoti Baug; S M Road; Kandivali West; Mumbai - 400067; Opposite Asian Bakery,Airoli,Mumbai,3.9
Smit Office Solutions,+(91)-7045111236 ; +(91)-22-38598959 ; 26741081 ; 26741082 ; +(91)-9820716384 ; ,Shop No 33; Kuber Complex; Link Road; Andheri West; Mumbai - 400053; Opposite Laxmi Industrial Estate,Airoli,Mumbai,3.0
Supreme Stationery,+(91)-9819154740 ; +(91)-22-27640445 ; 27640446 ; ,Unit No-5;Papr 19; Thane Belapur Road; Rabale; Mumbai - 400701; Rabale MIDC Pop 301,Airoli,Mumbai,4.3
Prabhat Stationery & Xerox,+(91)-22-27603939 ; 27695701 ; 27697979 ; ,Plot No PAP R 24; Rabale; Mumbai - 400701; MIDC,Airoli,Mumbai,3.9
Gauravi Collection,+(91)-9930538959 ; ,Shop no-2; Sector-9; Airoli; Mumbai - 400708; Near Yamaha showroom,Airoli,Mumbai,0.0
Raj Stationers & Computers,+(91)-22-25424412 ; ,Shop No 3; Krishna Apartment; Dada Patil Road; Naupada-Thane West; Mumbai - 400602,Airoli,Mumbai,4.0
Stationery Point,+(91)-8879572071 ; ,Yash Paradise; Shop No-44; Sector-8A; Airoli; Mumbai - 400708; Opp.Appel Hospital,Airoli,Mumbai,5.0
Saraswati Book Depot,9869977777 ; +(91)-9769026777 ; +(91)-22-25367777 ; 9167796777 ; ,Keshav Apartment; Shop No 1; Datta Mandir Road; Chandeni Koliwada-Thane East; Mumbai - 400603; CIDCO Bus Stop,Airoli,Mumbai,4.2
Krishna Xerox & stationary,+(91)-9699771674 ; ,Jn 1 / 21/ a - 4; NMMC hospital road; Mumbai - 400708; Sector 09,Airoli,Mumbai,0.0
Prashant Book Depo,+(91)-9769239995 ; ,Shop No. 8; Sector-03; Airoli; Mumbai - 400708; Super Market,Airoli,Mumbai,0.0
Patel Collection,+(91)-9819825228 ; ,Nisarga Housing Society;Shop No.4; Old Mumbai Pune Road; Manisha Nagar-Kalwa; Mumbai - 400605; Near Saibaba Mandir,Airoli,Mumbai,0.0
Purnima Stationery & Xerox,27783080 ; +(91)-8082373737 ; +(91)-22-38549235 ; +(91)-9833922282 ; ,A 22; Shop No 1; TTC Industrial Road; Kopar Khairane; Mumbai - 400709; Near White House And MIDC Fire Brigade; Opposite Kokan Spice Hotel; Beside,Airoli,Mumbai,3.5
Shah Xerox And Stationery,+(91)-9967374476 ; +(91)-9619795463 ; +(91)-9833683739 ; ,Shop No 9; Mitesh Apartment; Malad West; Mumbai - 400064; Opposite Sapna Hotel; Near N L College,Airoli,Mumbai,3.6
Maharashtra Collection And Stationery,+(91)-9004169002 ; ,Rupesh Apartment;Shop No.2; Kalwa Station Road; Kalwa; Mumbai - 400605; Near Gnyanprasarni School,Airoli,Mumbai,0.0
Om Digital,8689900751 ; +(91)-9619648722 ; ,Shop No 2; Ratanashi Tower; Juna Belapur Road; Kalwa; Mumbai - 400605; Near Sawant Photo Studio,Airoli,Mumbai,3.5
Shakti Stationers,+(91)-9987989979 ; ,Sarodarshan shop no 01; Docter Moose Road; Thane West; Mumbai - 400602; Near talaopali,Airoli,Mumbai,0.0
Prince Stationery,+(91)-9820747161 ; ,Shop non3; Dattamandir; Thane West; Mumbai - 400601; Chendani,Airoli,Mumbai,0.0
Jagruti Stationery & Xerox,+(91)-9819953701 ; +(91)-9833504436 ; 25779252 ; 25779251 ; +(91)-22-38519368 ; ,Shop No 2; Om Niwas Chaitanya Nagar; Adi Shankaracharya Road; Powai; Mumbai - 400076; Opposite IIT Market; Near Powai English School,Airoli,Mumbai,5.0
Lucky Plus,+(91)-22-33752632 ; +(91)-9867135965 ; +(91)-9867380041 ; 25700456 ; ,Shop No 8; Cypress Society; Aadi Shankaracharya Marg; Powai; Mumbai - 400076; Near Papa Johns Pizza; Hiranandani Garden,Airoli,Mumbai,4.1
Balaji Xerox And Stationery,+(91)-9833703362 ; ,Shop No 2; Pahlajrai Building; Shivaji Path; X Road; Thane West; Mumbai - 400601; Behind Punjab National Bank,Airoli,Mumbai,0.0
Mahadev Novelty,+(91)-9987729674 ; ,Ishwar nagar; Digha; Airoli; Mumbai - 400708; Near Mukund Company,Airoli,Mumbai,0.0
Raj Digital Print,9702188591 ; +(91)-9930040192 ; ,Shop No.4; Svp Road; Jsd Road; Mulund West; Mumbai - 400080; Near Mcdonald; Opposite Mulund Railway Station,Airoli,Mumbai,0.0
Patel Trading Corporation,+(91)-22-39631133 ; ,Shop No 5 Panchratna Apts; Charai Baug Rd; Thane West; Mumbai - 400601,Airoli,Mumbai,0.0
Otee Carb Industries,+(91)-22-25344866 ; ,1/2 Jyoti Indl Est; N Baba Durga Road; Mumbai - 400602,Airoli,Mumbai,0.0
Prem Ratan Gift Shop,+(91)-22-67554143 ; ,Kothari Bhavan; N S Road; Mulund West; Mumbai - 400080; Near Bjp Office,Airoli,Mumbai,3.6
Prince Stationery,+(91)-9699129912 ; 67495026 ; +(91)-9969280612 ; +(91)-22-38548449 ; +(91)-9930338899 ; ,137; Abdul Rehman Street; Masjid; Mumbai - 400003; Opposite Central Bank Of India,Airoli,Mumbai,4.6
Mahalaxmi Book Seller,+(91)-22-25905374 ; ,8 Shankar Smruti Co -Op HSG Soc Ltd; Ganehs Gawade Road; Mulund West; Mumbai - 400080; Opp Dena Bank,Airoli,Mumbai,4.7
Karia Stores,25403445 ; +(91)-22-25414873 ; +(91)-9821305599 ; ,Shop No 2; Karsan Virji Chwal; Mahatma Phule Marg; Thane West; Mumbai - 400601; Near Vegetable Market,Airoli,Mumbai,0.0
Reliable Enterprises,9930345554 ; +(91)-9820998222 ; +(91)-22-25424040 ; ,Shop No 4; Ratnamani Society; Dada Patilwadi Road; Thane West; Mumbai - 400601; Opposite Platform No1 And ICICI ATM,Airoli,Mumbai,4.5
Maharashtra Stationery & General Store,+(91)-9323648089 ; ,Shop No. 1 ;Bharat English school; Kopri colony; Thane East; Mumbai - 400603; Near Punjab National Bank,Airoli,Mumbai,0.0
Veera General Stores,25395498 ; +(91)-22-25449798 ; ,3; Samadhan Building; Thane West; Mumbai - 400601; Opposite Railway Station,Airoli,Mumbai,0.0
Shree Hari Copy,+(91)-8080673797 ; ,Thane West; Mumbai; PW compound; Station Road; Thane West; Mumbai - 400601; Zilla parishad,Airoli,Mumbai,0.0
Vora Stationery wholesaler,+(91)-8097832868 ; ,Shop no 1; Railway Station Road; Thane West; Mumbai - 400601; Opp Railway Station,Airoli,Mumbai,0.0
Pooja Novelty,8080073785 ; +(91)-9867870009 ; ,Shop No. 1; K. B. College Road; Thane East; Mumbai - 400603; Bhind Mangla High School,Airoli,Mumbai,3.5
Mansi Copy Centre,+(91)-9819940847 ; ,Shop No.6; Sundarban Row House; Sector 2; Airoli; Mumbai - 400708; Near Datta Meghe College,Airoli,Mumbai,0.0
Shree Ganesh Xerox And Stationery,+(91)-9819479591 ; ,Shop No.9A; Om Niwas; Rambhau Mhalgi Road; Thane East; Mumbai - 400603; Near Mangala High School,Airoli,Mumbai,3.5
Prince Collection,+(91)-9967097671 ; ,Shop no 15; Gurudatta Complex; Plot no 45;46; Sector 8A; Airoli; Mumbai - 400708; Near Monginis,Airoli,Mumbai,4.3
Shreeji enterprises stationery & mobiles,+(91)-9920353859 ; ,Shopno-4 chitalasar; Manpada market; Thane West; Mumbai - 400601; Manpada market,Airoli,Mumbai,5.0
Suvidha Enterprises,,Gala No 24; Khartan Road; Thane West; Mumbai - 400601; Dadoji Konddeo Stadium,Airoli,Mumbai,4.8
Gajanand Book Depot & Stationeries,,Patekar Building; S V Road; Naupada-Thane West; Mumbai - 400602,Airoli,Mumbai,3.5
Shree Hari Stationers,+(91)-22-27781110 ; +(91)-9820006257 ; ,Shop No 2 ; Vighnaharta Bldg; Rabale; Mumbai - 400701; Behind L&T Automation,Airoli,Mumbai,0.0
Superior Sales Corporation,+(91)-9969417700 ; ,B Wing Varad Laxmi Society; Mulund East; Mumbai - 400081,Airoli,Mumbai,0.0
Vadia Stationery,+(91)-9821536563 ; +(91)-22-21632789 ; ,Shop No.3; Abhijit Bldg; Baburao Kulkarni Road; Mulund East; Mumbai - 400081; Near to Station,Airoli,Mumbai,4.5
Ekal Stationery,+(91)-8793485330 ; ,Tt Industrial Estate; Rabale; Mumbai - 400701; Near golden garage,Airoli,Mumbai,5.0
Pacific Infotech,9987546608 ; +(91)-9819006080 ; +(91)-22-27799208 ; ,Row House No. 3; Sumangal Chs; Sector 2 B; Airoli; Mumbai - 400708; Opposite Datta Meghe Engineering College,Airoli,Mumbai,0.0
Raj Digital Prints,+(91)-9833172394 ; ,Shop No.2; Shyam Building; B. k Marg; Mulund East; Mumbai - 400081; Near station,Airoli,Mumbai,0.0
Ramdev General Stationery,25449975 ; +(91)-22-25415919 ; ,Thane West; Mumbai - 400601; Near Shankar Mandir; Manorama Nagar,Airoli,Mumbai,2.0
Reliable Stationery & Xerox,9820783864 ; 9757012694 ; +(91)-8652316976 ; ,Shop No 4; Sulakshana Building; Sant Ramdas Road; Mulund East; Mumbai - 400081; Near Saibaba Mandir,Airoli,Mumbai,0.0
Variety Stationers,+(91)-22-25426467 ; 25432975 ; ,Shop.No.1; Cosmos Vijay Building; Shivaji Path; Station Road; Thane West; Mumbai - 400602; Opp. Punjab National Bank,Airoli,Mumbai,4.2
Shree Beauty Corner,+(91)-9987184796 ; ,Kalwa; bandhu frame gala no. 7; Salvi Road; Kalwa; Mumbai - 400605; Apollo gym,Airoli,Mumbai,4.0
Sweet Corner,25339185 ; +(91)-22-25423467 ; ,Gokhale Road; Naupada-Thane West; Mumbai - 400602; Near Canara Bank,Airoli,Mumbai,3.9
Ravindra Xerox & stationery,+(91)-9819510680 ; ,Om Shree;shop no.5; Sector-5; Ghansoli; Mumbai - 400701; Opposite railway station,Airoli,Mumbai,0.0
Vikam Stationers,+(91)-9322166006 ; +(91)-22-25414428 ; 25306129 ; ,Wholesale mkt; Kharkar Ali road; Thane West; Mumbai - 400601; Jambli Naka,Airoli,Mumbai,4.2
Maharashtra Enterprises,,310 Hasti Industries Premices Co Operative Housing Society Ltd; Plot No 798; Rabale; Mumbai - 400701; TTC Industrial Area; Mahape,Airoli,Mumbai,4.5
Kamal Stationers,+(91)-9820025568 ; 25414859 ; +(91)-22-25367371 ; ,Ground Floor; Solanki Sadan; Shivaji Path; Thane West; Mumbai - 400601,Airoli,Mumbai,5.0
Kalpana General Stores,+(91)-22-25301664 ; +(91)-9820207232 ; ,Kalwa; Thane; Mumbai; Station Road; Kalwa; Mumbai - 400605; Near Prince Electronics,Airoli,Mumbai,0.0
Pooja Novelty & Book Depot,+(91)-7710847898 ; ,Kopri Colony; Thane; Raut Road; Thane East; Mumbai - 400603; Near Station,Airoli,Mumbai,0.0
Paramount Enterprise,+(91)-22-25434012 ; +(91)-9819231740 ; ,4 Ratanmani Society; Dada Patil Wadi; Naupada-Thane West; Mumbai - 400602; Opp Platform No 1 & Opp ICICI ATM,Airoli,Mumbai,0.0
Sonal Stationery,+(91)-9769000120 ; 25929303 ; +(91)-22-25652210 ; ,Shop No 8; Shri Niwas Building; J N Road; Mulund West; Mumbai - 400080; Opposite Sainath Plaza,Airoli,Mumbai,4.1
Rajesh Stationery & General Store,+(91)-22-25320001 ; +(91)-9892589469 ; ,Draupati amrut; shop no 8; Station road; Thane East; Mumbai - 400603; Opp canara bank,Airoli,Mumbai,0.0
Shree Mahavir Stores,+(91)-9867135556 ; 25614623 ; +(91)-22-25600203 ; ,Mewawala Niwas; Shop No 4; Ganesh Gawde Road; Mulund West; Mumbai - 400080; Opp Dena Bank,Airoli,Mumbai,4.2
Jalaram Novelty,+(91)-22-25611264 ; +(91)-9819404300 ; 9323911264 ; 65958023 ; ,Shop No 6-E Shanti Bhuvan; S N Road; Mulund West; Mumbai - 400080; Near Railway station,Airoli,Mumbai,4.3
VIP Corner,+(91)-9967019898 ; 9987737233 ; ,Mumbra Road; Mumbra; Mumbai - 400612,Airoli,Mumbai,0.0
New Roman Xerox,65352900 ; +(91)-22-38533365 ; +(91)-8976746455 ; +(91)-9821352293 ; ,shop no.580; indra nagar; sahar airport services; Andheri East; Mumbai - 400099; near international airport,Airoli,Mumbai,3.5
Maharashtra Paper Agency,9323193511 ; +(91)-9820526053 ; 25449929 ; +(91)-22-25334813 ; ,shop no 10; Vidya Bhavan; LAL Bahadur Shastri Marg; Thane West; Mumbai - 400601; Opposite Red Cross Bhavan; Near Three Petrol Pump Naka,Airoli,Mumbai,4.8
Otee Carb Industries,+(91)-22-24344866 ; ,1 2 Yoti Ind Est; N Baba Durga Road L; Mumbai - 400602,Airoli,Mumbai,0.0
Kusumai Stationery & Xerox,27697200 ; +(91)-22-27697203 ; 66179615 ; ,Shop 2 & 3; Plot No S S 37/363; Thane Belapur Road; Rabale; Mumbai - 400701; Rabale MIDC,Airoli,Mumbai,0.0
G B Vichare And Company,+(91)-22-38546543 ; 24306749 ; +(91)-9892726634 ; +(91)-9987746444 ; ,Shop No 8; Radhakrishna Apartment; Vachnalaya Marg; Dadar West; Mumbai - 400028; Opposite Chhabildas Primary School,Airoli,Mumbai,4.2
Rundaawan xerox,+(91)-9167230483 ; ,Shop no 3; Station road; Thane West; Mumbai - 400601; Opp Thana college,Airoli,Mumbai,0.0
My Student Care Stationery,+(91)-22-32555550 ; 9833343037 ; +(91)-9833237913 ; ,shiv siddhi Lok Kailash A/3; J.s.d road; Mulund West; Mumbai - 400080; Opp City of joy,Airoli,Mumbai,5.0
Avinash Enterprises,+(91)-8108108753 ; ,Ohm Sudama Apartment; Station Road; Kalwa; Mumbai - 400605; Nr Railway Station,Airoli,Mumbai,0.0
Nandu Stores,+(91)-9967380567 ; ,Kalwa; Thane; Mumbai Pune Road; Kalwa; Mumbai - 400605,Airoli,Mumbai,0.0
Sanghita Novelty.,+(91)-9892081779 ; ,Shop No.4; New Anand Park Bldg.; Raghunath Nagar; Thane West; Mumbai - 400601; Thane West.,Airoli,Mumbai,0.0
Satyam Stationery & Xerox,25396181 ; +(91)-9819237106 ; 9820096403 ; +(91)-22-25396182 ; ,Shop 1; Sadhana Building; Thane West; Mumbai - 400601; Ram Maruti Nagar; Near Hotel Shiv Prasad,Airoli,Mumbai,4.1
Ujjwal Stationery,+(91)-22-69568584 ; ,Shanti Sadan; M P Road; Mulund East; Mumbai - 400081,Airoli,Mumbai,0.0
Ambe Book House,+(91)-9930050297 ; +(91)-22-25648304 ; ,2 Mayur Mahal; M G Road; Mulund West; Mumbai - 400080; Opp Andhra Bank,Airoli,Mumbai,4.2
Alpha Graphics,+(91)-9769873473 ; +(91)-9769477699 ; +(91)-9930724555 ; +(91)-9920171555 ; ,Gala No 1; Singh Industrial Estate; Ram Mandir Road; Goregaon West; Mumbai - 400104; Near Movie Star Cinema;Next To Swastik Masala,Airoli,Mumbai,3.6
Prabhat Stationery & Xerox,8082303881 ; +(91)-9821226605 ; +(91)-22-25394909 ; 9820821139 ; ,Shop No 3; Ratanmani Apartment; Dada Patil Wadi; Naupada-Thane West; Mumbai - 400602; Opposite Platform No 1,Airoli,Mumbai,0.0
Vora General Stores,+(91)-9892995042 ; ,1; Samadhan Building; Naupada-Thane West; Mumbai - 400602; Opp Railway Station,Airoli,Mumbai,0.0
Knowledge Stationery & Xerox,67080468 ; 65001766 ; +(91)-22-38528670 ; +(91)-9930374937 ; +(91)-9930374737 ; ,Shop No 1; Pali Darshan Building; 16th Road; Bandra West; Mumbai - 400050; Opposite Mini Punjab Hotel,Airoli,Mumbai,4.0
M K Collection,+(91)-8286947463 ; ,Shop No-2; Gaon Devi Wadi; Ghansoli Village Main Road; Ghansoli; Mumbai - 400701; Near Union Bank,Airoli,Mumbai,0.0
Swastik Stationery & Xerox,+(91)-9820554988 ; +(91)-22-38554215 ; +(91)-9820558688 ; 65654757 ; ,Shop No 1; CST Road; Kalina; Mumbai - 400098; Near Dani Wooltex And Kotak Mahindra Bank,Airoli,Mumbai,3.9
Samiksha Xerox And Stationery,+(91)-9967128006 ; ,Shop No 28; Shubham Niwas; Sector-03; Airoli; Mumbai - 400708; Near Bus Depo; Sector 3,Airoli,Mumbai,0.0
Mota Book & Stationers,9987406265 ; +(91)-22-25366456 ; +(91)-9833444949 ; ,Shop No 1 & 2; Teli Building; Kharkar Ali road; Thane West; Mumbai - 400601; Near Hind Transport,Airoli,Mumbai,4.0
Ambika Stationers,+(91)-9821563274 ; ,Shop No. 4 ;Rendezvous Buildind;Raviraj Oberoi Cmplx; SAB TV Road;Off Link Road; Andheri West; Mumbai - 400053; Near Laxmi Plaza,Airoli,Mumbai,3.9
M K Soap Centre,+(91)-9987332241 ; +(91)-22-25614425 ; ,shop no-105/106; RRT Road; Mulund West; Mumbai - 400080; near by mulund railway station,Airoli,Mumbai,4.2
Ajay Store,+(91)-9892514763 ; +(91)-22-25449616 ; ,Shop No 4; Mahavir Kunj; Mahatma Phule Marg; Thane West; Mumbai - 400601; Wholesale Market,Airoli,Mumbai,0.0
Nazraana Stationery,+(91)-7208790036 ; ,Nobel House Shop 6; Mumbra Devi Road; Mumbra; Mumbai - 400612; Near Station,Airoli,Mumbai,0.0
Bharat Book & Stationery,+(91)-22-25609201 ; ,Kotheshwar Ashish; J N Road; Mulund West; Mumbai - 400080,Airoli,Mumbai,4.0
Ronak Stationery,25136238 ; +(91)-22-38517365 ; +(91)-9819178181 ; +(91)-8108806086 ; ,Shop No 1; Mahadev Singh Chawl; Lbs Marg; Ghatkopar West; Mumbai - 400086; Opposite Reliance energy office,Airoli,Mumbai,3.9
Laxmi Stores,24953914 ; +(91)-8082110291 ; +(91)-22-38557805 ; +(91)-9930072094 ; 24935068 ; ,107; Anandashram Building; Shop No 5; Sea Face Road; Worli; Mumbai - 400018; Opposite Poddar Hospital,Airoli,Mumbai,4.2
Taj Novelty,+(91)-9322667975 ; ,Shop No 2 Nausheen Plaza; Mumbra; Mumbai - 400612,Airoli,Mumbai,0.0
Comsap Stationery & Print,+(91)-9819721613 ; ,Shop No 76 A Kamdhenu Shopping Centre; Lokhandwala Complex; Andheri West; Mumbai - 400053; Near Dominos Pizza,Airoli,Mumbai,4.6
Shivam Stationery & General Stores,+(91)-9892677559 ; ,J/161; Cidco Colony; Sector-03; Airoli; Mumbai - 400708; Near Super market,Airoli,Mumbai,4.0
Raj Enterprises,+(91)-9819964126 ; ,Room no 2 ekdanta CHS; Nehru Road; Santacruz East; Mumbai - 400055; Vakola market,Airoli,Mumbai,4.0
Royal Stationery Mart,+(91)-22-25376160 ; 25367170 ; ,6;Hemendra Complex; Gokhale Road; Thane West; Mumbai - 400601; Below Indravati Hall,Airoli,Mumbai,4.7
Majhe Granth Bhandar,+(91)-9892988800 ; +(91)-22-25368490 ; ,Shop no 1; Station Road; Thane West; Mumbai - 400601; Near Vaidya & Company,Airoli,Mumbai,5.0
Praveen traders,+(91)-9892995604 ; 9322787341 ; ,Shop no 3; Kharkar Ali; Thane West; Mumbai - 400601; N K T College,Airoli,Mumbai,0.0
Gala Provision Stores,+(91)-22-25414869 ; ,Jafferbhai Bldg; Stn Rd; Thane West; Mumbai - 400601; Nr Ashok Cinema,Airoli,Mumbai,4.0
Navnath Stationery & General Store,+(91)-9819969709 ; ,Pushpak Apartment;Shop No.3; Old Mumbai Pune Road; Manisha Nagar-Kalwa; Mumbai - 400605; Opposite Manishanagar Gate No.2,Airoli,Mumbai,0.0
Om Stationery & Xerox,64177462 ; +(91)-22-39275692 ; +(91)-9819165047 ; +(91)-9821076751 ; 29205288 ; ,Shop No 2; Mira Akbar Chawl; Marol Maroshi Road; Andheri East; Mumbai - 400059; Near Sbi Bank Marol Branch,Airoli,Mumbai,3.7
Thane Book & Stationery Mart,22963992 ; +(91)-9819148008 ; +(91)-22-25366016 ; ,Konark Regency Bldg; Kharkar Ali road; Thane West; Mumbai - 400601; Opp Hind Transport; Kharkar Ali,Airoli,Mumbai,3.9
Meet Enterprises,29202020 ; +(91)-9819377913 ; +(91)-22-38583021 ; 29202019 ; ,Shop No 2; Gupta Compound; Makwana Road; Andheri East; Mumbai - 400059; Opposite Polaris Building; Marol,Airoli,Mumbai,4.3
Balaji Stationery & Xerox,+(91)-8879368912 ; ,Shop No 16; Plot No 49; Airoli; Mumbai - 400708; Sector 8 A; Pratik Corner,Airoli,Mumbai,0.0
Cidco Stationery & Xerox,+(91)-9920880663 ; 8879236478 ; ,Nakhwa compound; office no 1;2;3; Thana college Road; Thane West; Mumbai - 400601; Near cidco bus stop,Airoli,Mumbai,0.0
Bhumi Stationery & Xerox,67972573 ; +(91)-9930021717 ; 9869388944 ; 25378872 ; +(91)-22-25448872 ; ,Shop No 6; Trimurti Apartment; Dada Patil Marg; Naupada-Thane West; Mumbai - 400602; Near Platform No 1; B Cabin; Near Waman Hari Pethe Jewellers,Airoli,Mumbai,0.0
Kusumai Enterprises,+(91)-9833963909 ; ,Shop No;2 & 3;Plot No SS37/363; MIDC Rabale; Rabale; Mumbai - 400701; Near Thane Belapur Road,Airoli,Mumbai,5.0
Rahat Books Store,+(91)-9594299080 ; +(91)-22-25464832 ; ,Mubin Apartment Shop No 5; Amrut Nagar; Mumbra; Mumbai - 400612; Opp Mumbra English High School,Airoli,Mumbai,3.0
Mahavir Stationery And Xerox,9172133546 ; +(91)-9920425721 ; 9619453875 ; ,Shop No 1 Jayanti Apartment; Jsd Road; Mulund West; Mumbai - 400080; Near Bus Stop,Airoli,Mumbai,4.0
Ashapura General Store & Stationery,+(91)-22-69910491 ; ,3 SAI Suresh Bldg Patil Heritage; S N Rd; Mulund West; Mumbai - 400080,Airoli,Mumbai,4.2
Mahadev Mobile & Stationery,+(91)-9892544192 ; 9867317101 ; ,Ghodbunder Road; Thane West; Mumbai - 400601; Opp Shree Ram Hospital; Ovala Naka,Airoli,Mumbai,0.0
Deepak Xerox,+(91)-8879500609 ; 9967233846 ; ,Shop no-2; Gokhale Road; Thane West; Mumbai - 400601; Near. Income TAX Office;naupada,Airoli,Mumbai,0.0
Prince Stationery & Xerox,9819832398 ; +(91)-22-25409438 ; +(91)-9820742494 ; ,Shop. No. 3; Datta Mandir Road; Thane West; Mumbai - 400601; Behind; Ashok Cinema,Airoli,Mumbai,3.5
Shree Samarth Xeroz Stationery,+(91)-9004127757 ; ,Shop no 8;transis camp; Ambedkar nagar ;90 feet road; Mulund East; Mumbai - 400081; Near kelkar college,Airoli,Mumbai,0.0
Hariom book centre & stationery,+(91)-9833227674 ; ,Shop no. 1277; Near fish market; Airoli; Mumbai - 400708; Airoli naka,Airoli,Mumbai,0.0
Pooja Enterprises,+(91)-9833989846 ; 9833010990 ; +(91)-22-27603394 ; ,Plot No 37/361; Thane Belapur Road; Rabale; Mumbai - 400701; MIDC,Airoli,Mumbai,0.0
Good Luck Stationery & Xerox,+(91)-9819226843 ; 25780333 ; +(91)-9702127569 ; +(91)-22-38545282 ; ,Shop No 1/2; L.B.S Marg; Vikhroli West; Mumbai - 400079; Opp 247 Park,Airoli,Mumbai,4.0
New Bharat Book Depot,+(91)-22-21630174 ; +(91)-9819215841 ; 21632412 ; ,Shop No.5; Indira Apartment; Mithaghar road; Mulund East; Mumbai - 400081; Near railway phatak,Airoli,Mumbai,0.0
Unnati Stationary Mart,+(91)-9821244513 ; ,Bhiva Peri Chhaya; Shop No.7; Old Mumbai Pune Road; Kharegaon-Kalwa; Mumbai - 400605; Opposite Dnyaneshwari Park,Airoli,Mumbai,4.5
Anupam Stationery Superstore Pvt Ltd,28996848 ; +(91)-9769077757 ; 28996847 ; +(91)-22-38515109 ; 28998880 ; 28990302 ; 28998881 ; ,Sai Shopping Mall; S V Road; Borivali West; Mumbai - 400092; Opposite Railway Station,Airoli,Mumbai,4.0
Haresh Traders,+(91)-22-38555080 ; +(91)-9769106901 ; 25018111 ; +(91)-9987715820 ; ,Laxmi Niwas Society; R B Mehta Marg; Ghatkopar East; Mumbai - 400077; Near Railway Station And Patel Chowk,Airoli,Mumbai,4.1
Regent Enterprises,+(91)-9892574712 ; +(91)-22-38528246 ; 66366264 ; 66105154 ; 66366423 ; ,Shop No 2;Wadia Building; 33;Janmabhoomi Marg; Fort; Mumbai - 400001; Opp Janmabhoomi Press,Airoli,Mumbai,3.5
Prime Stationery Print,+(91)-22-38554076 ; 38554076 ; +(91)-9769990020 ; ,Shop No 5; Mantri Corner Chsl; Sayani Road; Prabhadevi; Mumbai - 400025; Opposite Motilal Oswal Tower,Airoli,Mumbai,5.0
Laxmi Stationery & Xerox,+(91)-9820925696 ; +(91)-22-38545082 ; 28787650 ; ,Shop No 4; Corporate Corner; Sunder Nagar Road; Malad West; Mumbai - 400064; Near Dalmia College,Airoli,Mumbai,4.1
Jinaam Stationers,+(91)-22-64461590 ; 64461591 ; 9920993566 ; +(91)-9930962017 ; ,Shop No 4; P K Shopping Center; G B Road; Thane West; Mumbai - 400601; Opposite Hyper City Mall; Kasarvadavali,Airoli,Mumbai,3.5
Patni Enterprises,+(91)-9920688655 ; +(91)-9920231423 ; +(91)-22-38519784 ; 27430153 ; ,Shop No 16;17;Shitaldhara Complex plot 28; Sector-7; Kamothe; Mumbai - 410206; Near LG showroom,Airoli,Mumbai,4.2
Jaiswal communication,+(91)-9892682299 ; ,Shop no -2211/52; Thane Belapur Road; Ghansoli; Mumbai - 400701; Arjun wadi; Near Meena Hospital,Airoli,Mumbai,0.0
FAVES,+(91)-9867450203 ; ,Shop No 33/A;Gokul Park; Manav Mandir Complex; Vasai Road West; Mumbai - 401202; Next To Jagruti Kirana Store,Airoli,Mumbai,3.5
Jinaam Stores,+(91)-9819959025 ; +(91)-8879329564 ; ,Arm Avenue; Shop No 9; Plot No 12; Sector No 20; Kharghar; Mumbai - 410210; Near Jalavayu Vihar,Airoli,Mumbai,4.0
Apeksha Stationery And Xerox,+(91)-22-38586098 ; 26513607 ; +(91)-9221378983 ; ,Shop No 16; Mig Colony; Bussines Plaza; Bandra Kurla Complex; Bandra East; Mumbai - 400051; Opposite Hall Mark; Muncipal Market,Airoli,Mumbai,4.0
Shreya Enterprises,+(91)-9167299581 ; +(91)-9987662681 ; +(91)-22-38540635 ; 60222681 ; ,Shop No 8; Fortune Classic Co Operative Housing Society; Plot No 27; Sector No 35/ E; Kharghar; Mumbai - 410210; Near IDBI Bank,Airoli,Mumbai,3.5
Bhagwati Book Depo,+(91)-9892660641 ; ,Shop No. 3; Vijay Nagar; Pandit Jawaharlal Nehru Road; Mulund West; Mumbai - 400080; Near Sanghvi Sports,Airoli,Mumbai,4.8
Mangal Traders stationery shop,+(91)-8082555724 ; ,Shop No 10 Ram Ratan Patra Chawl; S L Road; Mulund West; Mumbai - 400080; Opp Sai Baba Mandir,Airoli,Mumbai,3.0
Vikas Book Centre,25402587 ; +(91)-22-25894327 ; ,Naupada; Thane West; Gokhale Road; Naupada-Thane West; Mumbai - 400602; Near Bank Of Maharashtra,Airoli,Mumbai,3.8
B.R.Gift Novelty Stationery,+(91)-9867054848 ; ,Shop No.3;Topaz C.h.s.soc.sec-4;Airoli; Sec-4;Airoli; Airoli; Mumbai - 400708,Airoli,Mumbai,0.0
Pragati stationery and printers,+(91)-9987612348 ; ,Vrindavan dham society;shop no 71;plot no 5-8; Sector 5; Ghansoli; Mumbai - 400701; Opposite shivprasad hotel,Airoli,Mumbai,0.0
Shivam books,+(91)-9619150906 ; ,Shop no. 17; Intop Heights; plot no. 70-71; Sector-19; Airoli; Mumbai - 400708; Near VPM international school,Airoli,Mumbai,5.0
Ganesh Book Depo,+(91)-9665282508 ; ,Shop -03 Plot no-16; Sector-16; Airoli; Mumbai - 400708; Near Radhika bai school,Airoli,Mumbai,0.0
Maharashtra Book Depot Nx,+(91)-22-27691544 ; 27693242 ; +(91)-9920577517 ; ,No 18/19; Pratik Corner; Sector-8/A; Airoli; Mumbai - 400708; Near Indian bank,Airoli,Mumbai,4.0
Sai Xerox Centre,,Shop No 02; Station Road; Thane West; Mumbai - 400601; Near Cidco Bus Stop,Airoli,Mumbai,0.0
yash Enterprises,60601144 ; 65149999 ; +(91)-22-38552509 ; +(91)-9819129494 ; +(91)-9819129191 ; ,Building No.1;Shop No.10;Akruti build;sra chs;near Jade Garden Bandra East 51;BKC; Bandra East; Mumbai - 400051,Airoli,Mumbai,3.5
Ditto Copies Centre,+(91)-7303035724 ; +(91)-22-38561981 ; 23465146 ; +(91)-9773268153 ; ,13/15; Dariyasthan Street; Dariyasthan Street; Mandvi-Masjid Bunder; Mumbai - 400003; Near Railway Station,Airoli,Mumbai,3.8
Pushpa Ganga,+(91)-9819229247 ; +(91)-22-69534082 ; ,Mulund Sidhi Shop No- 12; Mahada Colony; Mulund East; Mumbai - 400081; Near Easter Express Highway,Airoli,Mumbai,0.0
Nanji Surji And Company,+(91)-22-25416651 ; +(91)-9870020584 ; ,Vaishnav Mandir Trut Bldg; T M Rd Stn Rd; Thane West; Mumbai - 400601; Jambli Naka,Airoli,Mumbai,5.0
B 4 Books,+(91)-22-38545721 ; +(91)-9892390167 ; 27725850 ; +(91)-9833656541 ; ,Shop No 19; Plot No 35/36; Neelkanth Pride Building; Sector 42/A; Nerul; Mumbai - 400706; Opposite S S School; Seawood Area,Airoli,Mumbai,4.1
Shree Rajmata stationery,+(91)-9004828696 ; ,Shop no-02;Sonam Appartment; Sector-09; Airoli; Mumbai - 400708; Near D-mart Road,Airoli,Mumbai,0.0
Dev novelty,+(91)-8898955370 ; ,Shop no. 4; Ganga Plaza; Digha; Airoli; Mumbai - 400708; Thane belapur road,Airoli,Mumbai,0.0
Krishna Book Store & Gift Shop,+(91)-8097680325 ; ,Shop No-E/16; Sector-7; Ghansoli; Mumbai - 400701; Cimplex Bldgs,Airoli,Mumbai,0.0
Vandana stationery,+(91)-8097418060 ; ,Shop no 8;Sai paradise complex; Sector-8/A; Airoli; Mumbai - 400708; Nr.Indian bank,Airoli,Mumbai,3.5
Prince Photocopier House,+(91)-9819371332 ; +(91)-22-25671332 ; 8425898356 ; 9833051225 ; ,Shop No 2; Jayanti Apartment; J S D Road; Mulund West; Mumbai - 400080; Opposite Idea Gallery,Airoli,Mumbai,4.5
Om Copy Center,+(91)-9820672745 ; ,Shop no. 2 ; Samarath kripa bldg.; Opp. Thane bharat sahakari bank; Thane West; Mumbai - 400601; Near cidco bus stop,Airoli,Mumbai,0.0
Sachin Enterprises,9967911158 ; +(91)-8108744902 ; ,Shop no.5; Vidyalay Marg; Mulund East; Mumbai - 400081; Near Sambhaji Ground,Airoli,Mumbai,0.0
Jay Jalaram Stationery & Xerox,+(91)-22-38524757 ; +(91)-9819676795 ; +(91)-9833770279 ; 24363825 ; ,Shop No 5 Chitrakut Building; Dadar West; Mumbai - 400028; Opposite I.t.i Girl School; Near Siddhivinayak Temple; Aagar Bazar,Airoli,Mumbai,0.5
Sahil Stationery & Cutlery,+(91)-22-32004123 ; ,Anand Vihar Co-Operative Housing Society; Building No.1; Gala No.12; Kharegaon; Kalwa; Mumbai - 400605,Airoli,Mumbai,0.0
Khyati gift and stationery,+(91)-8879397013 ; ,Shop no.2;Narayan smruti; Station road; Kalwa; Mumbai - 400605; Opp;canara bank,Airoli,Mumbai,5.0
Awasthi stationary,+(91)-9993333178 ; ,Shop no 1; Sector; Airoli; Mumbai - 400708; Guitar academy,Airoli,Mumbai,0.0
Paris novelty& book store,+(91)-8452998434 ; ,Shop 1& 2; Main road ghansoli village; Ghansoli; Mumbai - 400701; Near fish market,Airoli,Mumbai,0.0
Chamunda Stationary & Novelty Store,+(91)-9004184774 ; +(91)-22-27798095 ; ,Shop no-1 Plot no-16; Sector-16; Airoli; Mumbai - 400708; Near Radhika bai school,Airoli,Mumbai,0.0
Mango,+(91)-22-67484334 ; 67484335 ; +(91)-9870757678 ; ,4/ 5; Pradhan Building; Gokhale Road; Naupada-Thane West; Mumbai - 400602,Airoli,Mumbai,4.0
Gala Book Centre Thane W,+(91)-22-25409190 ; 25378674 ; ,Shop No 1/2 Suhasini Soc; Naupada-Thane West; Mumbai - 400602; Opp St John School,Airoli,Mumbai,5.0
Right Computer & Stationery,8828814154 ; +(91)-9833936577 ; ,Manorama Nagar; Dhokali Road; Thane West; Mumbai - 400601; Near Aban Park,Airoli,Mumbai,3.0
Laxmi Stationery,+(91)-9769290186 ; +(91)-22-38543101 ; 24460943 ; +(91)-9920832288 ; 24441024 ; ,Shop 31 Unnati Chs; Senapati Bapat Marg; Mahim; Mumbai - 400016; Near Johnson And Johnson And Railway Station,Airoli,Mumbai,4.4
Alankar Novelty;,+(91)-22-25362724 ; ,Pipeline; Tulsiwadi; Wagle Estate; Thane West; Mumbai - 400601; Thane West.,Airoli,Mumbai,0.0
Mahakali stationery & xerox,+(91)-9892331855 ; ,Shop no 8 Nilkant Nagar; B P Road; Mulund West; Mumbai - 400080; Opp Bank Of India,Airoli,Mumbai,0.0
Shri Sai Stationery & Xerox Center,+(91)-9699883939 ; ,Shop No 3; Airoli; Mumbai - 400708; Near Canara Bank Atm; Sector No 1,Airoli,Mumbai,0.0
Omkar xerox and Stationery,+(91)-9819783463 ; ,Shop No.3 Sai nath darshan Society; Pai Road; Thane East; Mumbai - 400603; Near HDFC Bank,Airoli,Mumbai,0.0
Shubham,+(91)-9892267823 ; ,Shree Samarth; Yogiraj Chs Rd No 22; Thane West; Mumbai - 400601,Airoli,Mumbai,3.7
Ambika Novelt,+(91)-9987919174 ; 9881779771 ; ,Kopri Colony; Station Road; Thane East; Mumbai - 400603,Airoli,Mumbai,0.0
Amrut Xerox & Stationers,+(91)-22-38581510 ; +(91)-9867585928 ; 22840174 ; 22848696 ; ,Ground Floor;Prem Court Bldg; J Tata Road; Churchgate; Mumbai - 400020; Behind Samrat Hotel,Airoli,Mumbai,3.8
Maharashtra Book Depot & Stationery,,Shop No.22/23; Super Market ; Airoli; Mumbai - 400708; Sector-3; Opp.mnncipal Office,Airoli,Mumbai,3.8
Deepti Stationary & Xerox,+(91)-9833090773 ; ,Shop no. 11 Gurukul Chs; Sector 8A; Airoli; Mumbai - 400708; Yash paradise,Airoli,Mumbai,0.0
Kokad Industries Thane,25420799 ; +(91)-22-25400824 ; ,3 Sarvesh 7/8; Jijamata Rd; Kopri Colony-Thane East; Mumbai - 400603; Govind Nagar Chendani,Airoli,Mumbai,0.0
Sundaram Stationery,+(91)-9892505789 ; ,Khodiyar Apt; Kisan Nagar-2; Road No.16; Kisan Nagar-2; Thane West; Mumbai - 400601,Airoli,Mumbai,0.0
Jyoti Stores,25399175 ; +(91)-9867048868 ; +(91)-22-25342207 ; ,Shop No.1/2; Guru Prerna; Old Mumbai Road; Charai-Thane West; Mumbai - 400601; Near St. John Baptist School,Airoli,Mumbai,4.3
City Collection,+(91)-9820318579 ; +(91)-9022686442 ; 28548339 ; +(91)-22-38515800 ; ,Shop No-04;Ashiana Building; Asha Nagar; Kandivali East; Mumbai - 400101; Thakur Complex,Airoli,Mumbai,3.0
Shubham Stationary,+(91)-7039149403 ; ,Shop No.4; Shiv Sagar Apartment; Old Mumbai Pune Road; Kharegaon-Kalwa; Mumbai - 400605; Near Devkinandan Bus Stop,Airoli,Mumbai,0.0
Print Products,+(91)-22-25348544 ; ,Old Belapur Road; Kalwa; Mumbai - 400605; Near Temple Of shankar,Airoli,Mumbai,0.0
Elijeetech Enterprices,+(91)-9930106994 ; ,Shop no.6; Siddhi aprt.; Navghar Road; Mulund East; Mumbai - 400081; Near Eastern Express Highway,Airoli,Mumbai,0.0
Bapuji Book Depot,+(91)-22-25613131 ; 25686737 ; ,Shop No 31; Shanti Bhuvan Shopping Centre; Dr R P Road; Mulund West; Mumbai - 400080; Opposite 398 Borivali Bus Stop,Airoli,Mumbai,4.5
Stex Stationery Express,25333355 ; +(91)-9821078139 ; +(91)-22-38535072 ; +(91)-9819721234 ; ,Shop No 1; Sanghvi Tower; Veer Sawarkar Marg; Ghodbunder Road; Thane West; Mumbai - 400601; Near Kwality Bakery,Airoli,Mumbai,4.4
Satyam Stationery & Xerox,+(91)-22-25395343 ; +(91)-9820096403 ; ,Shop No 1; Sadhana Bldg; Ram Maruti Rd; Thane West; Mumbai - 400601; Near Shiva Prasad Hotel,Airoli,Mumbai,4.1
Shree Samantha krupa,+(91)-9833598207 ; ,Shop no-2;rukhini plaza; Sector-20; Airoli; Mumbai - 400708; Nr. Samsan bhumi,Airoli,Mumbai,0.0
Mahalaxmi Novelty,+(91)-9167008455 ; ,Shop no. 5 ; plot no. 39;Rainbow APT; sector-19; Airoli; Mumbai - 400708; near bank of india,Airoli,Mumbai,3.5
Mahalaxmi Stationery Mart,+(91)-22-25363347 ; ,Devidas Rd; Thane West; Mumbai - 400601; Nr Bori Masjid,Airoli,Mumbai,0.0
Ekal Stationery Mart,28575403 ; +(91)-22-39699305 ; +(91)-9820364151 ; 66923206 ; +(91)-9987876868 ; ,C 3; Neelkanth Udyog Bhavan; Sakinaka Junction Road; Sakinaka; Mumbai - 400072; Near Metro Station And Mainland China Restaurant,Airoli,Mumbai,4.0
Mahakali Stores,+(91)-9833207778 ; ,Shop No D 7; Plot No 112; Raj Sagar Co Operative Housing Society; Gorai 1-borivali West; Mumbai - 400092; Near Swami Vivekanand School,Airoli,Mumbai,4.5
Mohit Trading Co,+(91)-22-32615794 ; ,Rameshwar Neelkant Height; Thane West; Mumbai - 400601,Airoli,Mumbai,0.0
Priyanka Enterprises,+(91)-9833475311 ; +(91)-22-25403132 ; ,Shop No 8; Gourngi Chamber; L B S Marg; Thane West; Mumbai - 400601; Opposite Damani Estate,Airoli,Mumbai,2.0
Prema Stationery Stores,9819336698 ; +(91)-9769858219 ; ,Ratnamala Appartment Shop No.5 & 6; Old Belapur Road; Kalwa; Mumbai - 400605; Takoli Maulla,Airoli,Mumbai,0.0
Chamunda stationery,+(91)-8108834923 ; ,siddhivinayak apt;shop no 4; ghoalai nagar; Mumbai - 400605; Watertank,Airoli,Mumbai,0.0
Jhulelal General Stores,+(91)-9819827512 ; +(91)-22-25323893 ; ,Shop-10 Main Bazar; Kopri Colony Sant Tuka Ram Road; Thane East; Mumbai - 400603; Near Union Bank,Airoli,Mumbai,0.0
Ramdev Book Centre,,Shop No 5 Shivam Bldg; Airoli; Mumbai - 400708; Sector 2,Airoli,Mumbai,0.0
Siddhi Printers,+(91)-9619087220 ; ,Shop No. 1; Al Madina Apartment; Kalwa; Mumbai - 400605; Near Jama Masjid,Airoli,Mumbai,5.0
Hayat Book Depot And Stationery,+(91)-9967295386 ; ,Mumbra; Mumbai - 400612; Near Mumbra English High School; Amrut Nagar,Airoli,Mumbai,0.0
Mahalaxmi Fancy Store,+(91)-22-25391078 ; +(91)-8767980992 ; ,Shop No 1; Shumbhangi Chs; Old mumbai pune road; Kharegaon-Kalwa; Mumbai - 400605; pakhadi bus stop,Airoli,Mumbai,4.0
Shivam Book,+(91)-9619150906 ; +(91)-22-27790584 ; ,Shop.No.17;Intop Heights; Sector.no.19; Airoli; Mumbai - 400708; Near.vpm International School,Airoli,Mumbai,0.0
Vikam Stationers,+(91)-9870282829 ; ,Kharkar Ali; Jambli Naka; Thane West; Mumbai - 400601; Opp.Vikam Book Depo,Airoli,Mumbai,5.0
Reliable Stationery,9167436709 ; +(91)-9867761000 ; ,Shop No 4; Station Road; Mumbai - 400602; Opposite ICICI Bank,Airoli,Mumbai,0.0
Jyothi stores,+(91)-9820215779 ; ,Shop 1-2guruprena near St. John the Baptist high school; Old Mumbai road; Thane West; Mumbai - 400601,Airoli,Mumbai,0.0
Shubh Stationery & Xerox,9167929592 ; +(91)-9870430036 ; +(91)-22-27697722 ; 27697733 ; ,Shop No.11; Dynasty Building; Mulund Airoli Link Road; Airoli; Mumbai - 400708; Sector 6,Airoli,Mumbai,4.5
Kanak Enterpriese,+(91)-8286818143 ; ,F-4/24; Om Sai Dham Chs; Sector-7; Ghansoli; Mumbai - 400701; Near Simplex Ground,Airoli,Mumbai,0.0
